trans_period,DevelopmentRegion,RegionalDistrict,,tot_mkt_trans,no_resid_trans,no_resid_acreage_trans,resid_comm_count,no_resid_farm,no_resid_fam,no_res_1fam,no_resid_strata,no_resid_non_strata,no_resid_other,no_comm_tot,no_comm_comm,no_comm_strata_nores,no_comm_other,no_recr_tot,no_farm_tot,no_unkn_tot,sum_FMV,mn_FMV,md_FMV,sum_PPT_paid,md_PPT
2016-06-01,Cariboo,CARIBOO,,64,41,20,,1,,16,4,,,,,,,2,21,,11625343.00,181646.00,150000.00,148887.51,1500.00
2016-06-08,Cariboo,CARIBOO,,45,40,14,2,3,,19,1,,1,2,2,,,1,2,,9047015.00,201044.80,175000.00,119627.05,1750.00
2016-06-15,Cariboo,CARIBOO,,50,45,12,,2,4,24,1,,2,2,2,,,2,,1,14664389.00,293287.80,236500.00,211009.50,2730.00
2016-06-22,Cariboo,CARIBOO,,137,117,35,1,5,2,71,1,,2,4,4,,,3,8,5,33479703.00,244377.40,232500.00,448915.22,2650.00
2016-07-01,Cariboo,CARIBOO,,25,23,9,,2,,11,1,,,,,,,2,,,4000650.00,160026.00,157000.00,49179.00,1570.00
2016-07-08,Cariboo,CARIBOO,,50,47,19,1,,,22,5,,,,,,,3,,,8190413.00,163808.30,119750.00,100881.00,1197.50
2016-07-15,Cariboo,CARIBOO,,61,54,23,1,1,,28,,,1,5,3,,2,2,,,12712136.00,208395.70,198000.00,161625.36,1980.00
2016-07-22,Cariboo,CARIBOO,,94,90,26,1,2,1,58,2,,,1,1,,,1,2,,21000039.00,223404.70,207500.00,274785.39,2150.00
2016-08-01,Cariboo,CARIBOO,,31,25,11,,,,14,,,,,,,,,6,,6055800.00,195348.40,193000.00,74326.00,1930.00
2016-08-08,Cariboo,CARIBOO,,37,36,11,,,,22,2,,1,1,1,,,,,,7085750.00,191506.80,196000.00,89058.50,1960.00
2016-08-15,Cariboo,CARIBOO,,64,58,15,1,,,39,3,,,,,,,2,4,,14115079.00,220548.10,230500.00,188461.27,2610.00
2016-08-22,Cariboo,CARIBOO,,77,73,23,,2,1,44,2,,1,,,,,2,2,,16464950.00,213830.50,215000.00,205512.00,2300.00
2016-09-01,Cariboo,CARIBOO,,44,42,13,2,1,1,24,1,,,,,,,1,,1,7312511.00,166193.40,158500.00,83749.11,1585.00
2016-09-08,Cariboo,CARIBOO,,24,22,8,,2,1,10,1,,,,,,,,2,,4042001.00,168416.70,128500.00,53640.01,1285.00
2016-09-15,Cariboo,CARIBOO,,55,48,18,,1,,24,5,,,4,2,,2,1,1,1,9753550.00,177337.30,140000.00,123815.50,1400.00
2016-09-22,Cariboo,CARIBOO,,85,82,15,1,1,1,47,1,,16,2,2,,,,1,,21067588.00,247854.00,210000.00,294873.74,2200.00
2016-10-01,Cariboo,CARIBOO,,36,34,6,,,,23,1,,4,,,,,2,,,5402476.00,150068.80,112500.00,64634.76,1125.00
2016-10-08,Cariboo,CARIBOO,,33,31,11,,2,,13,,1,4,,,,,,,2,6152072.00,186426.40,183700.00,76265.73,1837.00
2016-10-15,Cariboo,CARIBOO,,37,34,7,,3,1,21,1,,1,2,,,2,1,,,6927523.00,187230.40,130000.00,90901.43,1300.00
2016-10-22,Cariboo,CARIBOO,,60,59,17,,2,,13,3,,24,1,1,,,,,,17015117.00,283585.30,236000.00,246395.17,2720.00
2016-06-01,Cariboo,FRASER-FORT GEORGE,,70,63,11,1,1,2,44,1,,3,7,4,,3,,,,19615252.00,280217.90,230000.00,246280.96,2340.00
2016-06-08,Cariboo,FRASER-FORT GEORGE,,49,42,8,,,,31,2,,1,6,6,,,1,,,16346909.00,333610.40,272500.00,242673.49,3400.00
2016-06-15,Cariboo,FRASER-FORT GEORGE,,65,62,12,,,1,42,7,,,2,2,,,,1,,17447001.00,268415.40,275000.00,219719.63,3400.00
2016-06-22,Cariboo,FRASER-FORT GEORGE,,158,157,25,1,1,,116,10,,4,,,,,1,,,44126740.00,279283.20,258700.00,579128.01,3100.00
2016-07-01,Cariboo,FRASER-FORT GEORGE,,46,44,12,,,,23,4,,5,,,,,2,,,12531271.00,272418.90,240000.00,154315.00,2750.00
2016-07-08,Cariboo,FRASER-FORT GEORGE,,77,73,13,,,3,47,7,,3,1,1,,,2,1,,19510060.00,253377.40,260000.00,250110.20,3000.00
2016-07-15,Cariboo,FRASER-FORT GEORGE,,74,70,10,,1,,41,3,,15,4,4,,,,,,20700191.00,279732.30,187500.00,323483.70,1772.50
2016-07-22,Cariboo,FRASER-FORT GEORGE,,92,92,10,1,1,,71,7,,2,,,,,,,,23250710.00,252725.10,252750.00,290464.18,2940.00
2016-08-01,Cariboo,FRASER-FORT GEORGE,,49,45,5,1,,1,34,2,,2,2,2,,,,,2,17219031.00,351408.80,246095.20,270739.62,2921.90
2016-08-08,Cariboo,FRASER-FORT GEORGE,,39,38,12,,,,23,2,,1,,,,,,1,,8039000.00,206128.20,229900.00,102928.00,2598.00
2016-08-15,Cariboo,FRASER-FORT GEORGE,,67,66,16,,1,,45,2,,2,1,,,1,,,,17851408.00,266438.90,248500.00,245412.37,2970.00
2016-08-22,Cariboo,FRASER-FORT GEORGE,,123,116,17,,,,87,11,,1,2,2,,,5,,,28850198.00,234554.50,238000.00,360039.31,2640.00
2016-09-01,Cariboo,FRASER-FORT GEORGE,,54,54,7,1,,,35,9,,2,,,,,,,,13277772.00,245884.70,223500.00,162513.42,2012.50
2016-09-08,Cariboo,FRASER-FORT GEORGE,,47,46,6,,,,35,3,,2,,,,,1,,,11439771.00,243399.40,232500.00,145988.43,2650.00
2016-09-15,Cariboo,FRASER-FORT GEORGE,,55,53,7,,,,42,3,,1,2,2,,,,,,13810136.00,251093.40,227900.00,172112.53,2400.00
2016-09-22,Cariboo,FRASER-FORT GEORGE,,99,95,9,5,1,1,57,11,,11,2,1,,1,2,,,27322478.00,275984.60,262500.00,363060.88,3150.00
2016-10-01,Cariboo,FRASER-FORT GEORGE,,50,47,7,,,,36,,,4,3,2,,1,,,,11385320.00,227706.40,241201.50,137929.58,2352.50
2016-10-08,Cariboo,FRASER-FORT GEORGE,,67,62,20,,4,,30,4,,4,2,2,,,,2,1,16095434.00,240230.40,220000.00,209950.04,2400.00
2016-10-15,Cariboo,FRASER-FORT GEORGE,,44,43,9,,,,30,2,,2,,,,,,,1,10821861.00,245951.40,257750.00,125853.44,2649.00
2016-10-22,Cariboo,FRASER-FORT GEORGE,,95,89,10,1,,1,50,2,,25,6,2,,4,,,,26991545.00,284121.50,256500.00,362674.05,3000.00
2016-06-01,Kootenay,CENTRAL KOOTENAY,,53,53,13,1,,2,32,3,,2,,,,,,,,14652791.00,276467.70,244000.00,204466.74,2800.00
2016-06-08,Kootenay,CENTRAL KOOTENAY,,30,26,9,,,,15,1,,1,4,3,,1,,,,8847298.00,294909.90,265000.00,126805.22,3300.00
2016-06-15,Kootenay,CENTRAL KOOTENAY,,39,38,12,3,1,,21,1,,,1,1,,,,,,9899115.00,253823.50,269000.00,131908.98,3380.00
2016-06-22,Kootenay,CENTRAL KOOTENAY,,118,111,23,2,,1,75,9,,1,5,5,,,2,,,34079296.00,288807.60,240000.00,505389.96,2780.00
2016-07-01,Kootenay,CENTRAL KOOTENAY,,18,18,3,2,,,12,1,,,,,,,,,,4346515.00,241473.10,257750.00,57636.65,3155.00
2016-07-08,Kootenay,CENTRAL KOOTENAY,,45,44,12,,,,31,1,,,,,,,,1,,10094230.00,224316.20,210000.00,130028.52,2200.00
2016-07-15,Kootenay,CENTRAL KOOTENAY,,44,42,15,1,1,,24,1,,,,,,,2,,,11012722.00,250289.10,205000.00,149928.92,2100.00
2016-07-22,Kootenay,CENTRAL KOOTENAY,,91,91,15,,3,,65,7,,1,,,,,,,,23067287.00,253486.70,240000.00,313434.87,2800.00
2016-08-01,Kootenay,CENTRAL KOOTENAY,,38,37,9,,,,24,4,,,1,1,,,,,,13140966.00,345814.90,331000.00,180851.80,4510.00
2016-08-08,Kootenay,CENTRAL KOOTENAY,,24,24,5,2,,1,13,3,,,,,,,,,,5606450.00,233602.10,217500.00,72726.00,2350.00
2016-08-15,Kootenay,CENTRAL KOOTENAY,,50,46,8,1,,,34,3,,,4,4,,,,,,15566100.00,311322.00,255000.00,222310.54,3075.00
2016-08-22,Kootenay,CENTRAL KOOTENAY,,71,66,12,1,,,47,2,,4,1,1,,,2,,2,20009272.00,281820.70,278000.00,253291.44,3000.00
2016-09-01,Kootenay,CENTRAL KOOTENAY,,31,30,6,,,,21,3,,,,,,,1,,,9812450.00,316530.60,354000.00,139296.50,5080.00
2016-09-08,Kootenay,CENTRAL KOOTENAY,,27,27,3,,1,,22,1,,,,,,,,,,6939526.00,257019.50,220000.00,83557.57,2000.00
2016-09-15,Kootenay,CENTRAL KOOTENAY,,45,44,7,,,2,26,5,,4,,,,,1,,,10039153.00,223092.30,192000.00,129499.53,1920.00
2016-09-22,Kootenay,CENTRAL KOOTENAY,,67,65,14,4,,,30,6,,11,1,1,,,1,,,20878171.00,311614.50,302000.00,297544.39,4040.00
2016-10-01,Kootenay,CENTRAL KOOTENAY,,33,27,6,,,,17,1,,3,1,1,,,4,,1,6483362.00,196465.50,150000.00,86696.61,1500.00
2016-10-08,Kootenay,CENTRAL KOOTENAY,,27,26,5,1,,,18,2,,,,,,,1,,,6889674.00,255173.10,260000.00,86510.50,2960.00
2016-10-15,Kootenay,CENTRAL KOOTENAY,,32,29,2,1,1,,13,2,,10,1,1,,,1,1,,9505175.00,297036.70,278750.00,116748.76,3372.00
2016-10-22,Kootenay,CENTRAL KOOTENAY,,88,86,6,,,,29,3,,48,,,,,1,1,,29250131.00,332387.90,330500.00,341626.42,3591.00
2016-06-01,Kootenay,EAST KOOTENAY,,49,45,3,1,,,28,12,,1,2,2,,,2,,,11637826.00,237506.70,200000.00,150347.02,2000.00
2016-06-08,Kootenay,EAST KOOTENAY,,31,28,3,,,,20,4,,1,3,3,,,,,,8855150.00,285650.00,250000.00,128406.50,3000.00
2016-06-15,Kootenay,EAST KOOTENAY,,62,59,2,,2,2,41,11,,1,1,,,1,2,,,15896615.00,256397.00,224000.00,216940.92,2480.00
2016-06-22,Kootenay,EAST KOOTENAY,,99,95,5,1,,,71,16,,2,2,1,,1,2,,,27111891.00,273857.50,250000.00,371314.69,2930.00
2016-07-01,Kootenay,EAST KOOTENAY,,25,21,,,,,16,4,,1,,,,,4,,,5275598.00,211023.90,187500.00,68260.98,1875.00
2016-07-08,Kootenay,EAST KOOTENAY,,32,31,3,,,,18,9,,1,,,,,1,,,8287935.00,258998.00,247500.00,107509.35,2600.00
2016-07-15,Kootenay,EAST KOOTENAY,,56,54,1,1,2,,37,6,,7,1,1,,,1,,,15194850.00,271336.60,245000.00,203583.50,2900.00
2016-07-22,Kootenay,EAST KOOTENAY,,71,62,4,,,2,47,9,,,4,4,,,5,,,19622738.00,276376.60,243280.00,276161.96,2865.60
2016-08-01,Kootenay,EAST KOOTENAY,,34,31,,,,,24,7,,,2,1,,1,,,1,17017650.00,500519.10,266250.00,322299.50,3325.00
2016-08-08,Kootenay,EAST KOOTENAY,,21,17,1,,,1,13,2,,,2,1,,1,1,1,,5912061.00,281526.70,260000.00,85970.61,3200.00
2016-08-15,Kootenay,EAST KOOTENAY,,56,54,2,,1,1,36,12,,2,1,1,,,1,,,14615030.00,260982.70,235750.00,195281.30,2470.00
2016-08-22,Kootenay,EAST KOOTENAY,,58,55,4,,,2,30,14,1,4,2,1,,1,1,,,18440277.00,317935.80,226000.00,266767.77,2470.00
2016-09-01,Kootenay,EAST KOOTENAY,,51,50,2,,,1,32,15,,,1,1,,,,,,14650822.00,287271.00,242500.00,200899.45,2850.00
2016-09-08,Kootenay,EAST KOOTENAY,,30,30,1,1,1,,21,6,,,,,,,,,,7894876.00,263162.50,247750.00,107748.76,2955.00
2016-09-15,Kootenay,EAST KOOTENAY,,37,35,3,1,1,,24,5,,1,,,,,2,,,11175400.00,302037.80,270000.00,163212.76,3400.00
2016-09-22,Kootenay,EAST KOOTENAY,,95,87,3,1,1,,45,10,2,25,5,3,,2,2,,1,30013050.00,315926.80,263000.00,431984.50,3260.00
2016-10-01,Kootenay,EAST KOOTENAY,,42,42,7,1,,,22,7,1,4,,,,,,,,10422653.00,248158.40,230000.00,146703.06,2600.00
2016-10-08,Kootenay,EAST KOOTENAY,,68,63,4,,,,50,5,,4,2,2,,,2,,1,17005238.00,250077.00,230000.00,218721.41,2600.00
2016-10-15,Kootenay,EAST KOOTENAY,,28,21,1,,,,9,5,,6,,,,,6,1,,5789985.00,206785.20,215000.00,74440.60,2300.00
2016-10-22,Kootenay,EAST KOOTENAY,,68,65,2,,,,38,9,,16,3,2,,1,,,,19169905.00,281910.40,217700.00,265378.02,2274.00
2016-06-01,Kootenay,KOOTENAY BOUNDARY,,29,28,4,1,2,,15,6,,,,,,,1,,,6580500.00,226913.80,217000.00,84294.00,2340.00
2016-06-08,Kootenay,KOOTENAY BOUNDARY,,17,17,2,1,,,14,,,,,,,,,,,3793800.00,223164.70,206000.00,47943.00,2120.00
2016-06-15,Kootenay,KOOTENAY BOUNDARY,,31,30,4,,,,21,5,,,1,1,,,,,,6695090.00,215970.60,225000.00,80287.90,2200.00
2016-06-22,Kootenay,KOOTENAY BOUNDARY,,73,69,11,,,,51,5,1,1,1,1,,,2,1,,16633242.00,227852.60,195000.00,219852.42,1950.00
2016-07-01,Kootenay,KOOTENAY BOUNDARY,,13,13,2,,1,,10,,,,,,,,,,,2301950.00,177073.10,180000.00,28434.50,1800.00
2016-07-08,Kootenay,KOOTENAY BOUNDARY,,14,12,2,,,,9,1,,,1,1,,,1,,,3149000.00,224928.60,234000.00,38620.00,2680.00
2016-07-15,Kootenay,KOOTENAY BOUNDARY,,31,30,6,1,,,18,5,,,,,,,1,,,6290591.00,202922.30,198643.40,74259.88,1986.43
2016-07-22,Kootenay,KOOTENAY BOUNDARY,,43,39,5,,,,28,4,,2,1,,,1,3,,,10739489.00,249755.60,210000.00,148047.78,2200.00
2016-08-01,Kootenay,KOOTENAY BOUNDARY,,11,10,1,,,,7,2,,,1,1,,,,,,1899000.00,172636.40,149500.00,22280.00,1495.00
2016-08-08,Kootenay,KOOTENAY BOUNDARY,,18,15,5,,,1,9,,,,3,3,,,,,,4089200.00,227177.80,231750.00,51017.00,2635.00
2016-08-15,Kootenay,KOOTENAY BOUNDARY,,20,20,1,,,,16,2,,1,,,,,,,,5028667.00,251433.30,161250.00,71156.67,1612.50
2016-08-22,Kootenay,KOOTENAY BOUNDARY,,41,38,5,,,,29,4,,,3,3,,,,,,8251000.00,201243.90,170000.00,103900.00,1700.00
2016-09-01,Kootenay,KOOTENAY BOUNDARY,,17,14,,,,,13,1,,,3,3,,,,,,3437700.00,202217.60,182000.00,43267.00,1820.00
2016-09-08,Kootenay,KOOTENAY BOUNDARY,,10,10,1,,,,9,,,,,,,,,,,2794200.00,279420.00,213750.00,41693.00,2387.50
2016-09-15,Kootenay,KOOTENAY BOUNDARY,,15,14,,,,,14,,,,,,,,1,,,2651037.00,176735.80,149236.50,30264.37,970.00
2016-09-22,Kootenay,KOOTENAY BOUNDARY,,44,39,2,,,,26,4,,7,4,1,,3,1,,,10057045.00,228569.20,197500.00,133234.90,1975.00
2016-10-01,Kootenay,KOOTENAY BOUNDARY,,10,9,,,,,9,,,,1,,,1,,,,1577800.00,157780.00,152000.00,13218.00,1371.50
2016-10-08,Kootenay,KOOTENAY BOUNDARY,,25,25,3,,,,20,,,2,,,,,,,,4831117.00,193244.70,180000.00,57912.84,1800.00
2016-10-15,Kootenay,KOOTENAY BOUNDARY,,15,13,2,,,,11,,,,1,1,,,,,1,2747500.00,183166.70,138000.00,33685.00,1380.00
2016-10-22,Kootenay,KOOTENAY BOUNDARY,,29,27,1,1,,,16,,,9,1,1,,,1,,,5615714.00,193645.30,173000.00,69091.14,1730.00
2016-06-01,Mainland/Southwest,FRASER VALLEY,,218,211,13,1,4,,135,50,1,7,,,,,3,4,,99634065.00,457037.00,416250.00,1517628.17,5870.00
2016-06-08,Mainland/Southwest,FRASER VALLEY,,171,167,7,3,3,,90,43,1,20,4,3,1,,,,,79175402.00,463014.00,365000.00,1201376.51,4803.42
2016-06-15,Mainland/Southwest,FRASER VALLEY,,276,271,12,2,6,,168,71,,12,2,2,,,3,,,123731443.00,448302.30,412750.00,1841612.14,5808.46
2016-06-22,Mainland/Southwest,FRASER VALLEY,,863,847,22,6,20,4,536,226,2,31,10,7,,3,3,3,,433147975.00,501909.60,450000.00,6909595.45,6600.00
2016-07-01,Mainland/Southwest,FRASER VALLEY,,241,228,7,,9,,148,53,1,10,8,5,2,1,5,,,98752478.00,409761.30,389000.00,1510548.45,5500.00
2016-07-08,Mainland/Southwest,FRASER VALLEY,,274,269,9,1,3,3,166,72,2,13,1,1,,,3,1,,132071578.00,482013.10,439450.00,2025286.76,5916.50
2016-07-15,Mainland/Southwest,FRASER VALLEY,,254,239,8,1,2,3,139,57,5,24,10,8,,2,5,,,117334385.00,461946.40,400000.00,1748409.22,5025.00
2016-07-22,Mainland/Southwest,FRASER VALLEY,,662,649,19,,5,,409,188,,28,8,5,,3,,5,,314427588.00,474966.10,439950.00,4785516.57,6349.00
2016-08-01,Mainland/Southwest,FRASER VALLEY,,219,210,6,,5,1,130,51,,17,5,3,1,1,2,2,,125693156.00,573941.40,380000.00,2182449.63,5170.00
2016-08-08,Mainland/Southwest,FRASER VALLEY,,175,172,12,7,4,,86,53,2,8,,,,,3,,,82904543.00,473740.20,436000.00,1282289.66,6300.00
2016-08-15,Mainland/Southwest,FRASER VALLEY,,238,234,3,1,4,2,142,73,,9,4,3,1,,,,,107591274.00,452064.20,432000.00,1612295.48,5970.00
2016-08-22,Mainland/Southwest,FRASER VALLEY,,697,677,30,6,12,,413,191,1,24,9,5,,4,3,5,3,360662896.00,517450.40,454285.70,5758243.02,6798.00
2016-09-01,Mainland/Southwest,FRASER VALLEY,,201,185,6,1,2,,114,51,,11,6,2,1,3,7,2,1,94361805.00,469461.70,410000.00,1489263.92,6000.00
2016-09-08,Mainland/Southwest,FRASER VALLEY,,161,151,7,1,5,1,83,45,,9,5,3,1,1,4,1,,89717627.00,557252.30,420000.00,1584569.69,6400.00
2016-09-15,Mainland/Southwest,FRASER VALLEY,,206,197,9,,3,,95,45,,45,2,2,,,1,6,,106396013.00,516485.50,370000.00,1677974.98,4949.00
2016-09-22,Mainland/Southwest,FRASER VALLEY,,526,519,14,3,9,1,234,131,1,126,4,1,3,,1,1,1,240173163.00,456603.00,397500.00,3594679.04,5627.00
2016-10-01,Mainland/Southwest,FRASER VALLEY,,159,152,11,6,3,1,57,29,1,44,5,4,,1,1,1,,92821246.00,583781.40,393000.00,1583955.62,4200.00
2016-10-08,Mainland/Southwest,FRASER VALLEY,,213,167,5,2,4,,75,48,1,32,35,,2,33,9,2,,100336116.00,471061.60,395642.40,1508561.70,5000.00
2016-10-15,Mainland/Southwest,FRASER VALLEY,,139,137,2,1,4,,64,41,,25,1,1,,,,1,,77900499.00,560435.20,399100.00,1355668.80,4700.00
2016-10-22,Mainland/Southwest,FRASER VALLEY,,455,405,7,,3,1,149,100,2,143,3,1,,2,,19,28,184991149.00,406574.00,371000.00,2609432.59,4750.00
2016-06-01,Mainland/Southwest,METRO VANCOUVER,,1524,1476,14,,,10,554,591,7,300,44,16,15,13,1,3,,1856513623.00,1218184.80,600900.00,39339726.70,9740.00
2016-06-08,Mainland/Southwest,METRO VANCOUVER,,1216,1178,8,4,,14,437,480,5,230,37,18,13,6,,,1,1240796859.00,1020392.20,624000.00,24579490.17,10178.00
2016-06-15,Mainland/Southwest,METRO VANCOUVER,,1832,1787,15,1,,14,693,768,12,284,36,7,19,10,1,7,1,1996399603.00,1089737.80,636500.00,40568660.46,10557.36
2016-06-22,Mainland/Southwest,METRO VANCOUVER,,4720,4634,61,11,16,36,2168,1972,21,349,76,31,33,12,2,3,5,5056683260.00,1071331.20,728238.10,99455607.03,12500.00
2016-07-01,Mainland/Southwest,METRO VANCOUVER,,1378,1360,4,1,4,17,562,618,11,143,17,9,5,3,1,,,1494089439.00,1084244.90,700250.00,29990310.25,11779.00
2016-07-08,Mainland/Southwest,METRO VANCOUVER,,1774,1740,13,4,5,11,610,639,3,455,28,9,16,3,1,2,3,1579742993.00,890497.70,589450.00,28826794.91,9200.00
2016-07-15,Mainland/Southwest,METRO VANCOUVER,,1586,1553,12,9,3,19,624,635,13,238,23,9,8,6,,,10,1565037313.00,986782.70,680490.00,29720159.72,11468.15
2016-07-22,Mainland/Southwest,METRO VANCOUVER,,4302,4233,42,5,13,27,1860,1872,15,399,63,11,35,17,,1,5,4601509410.00,1069621.00,714894.00,90550661.94,12180.00
2016-08-01,Mainland/Southwest,METRO VANCOUVER,,1183,1155,14,,1,8,438,527,9,158,26,6,14,6,2,,,1190341241.00,1006205.60,638750.00,23322911.21,10700.00
2016-08-08,Mainland/Southwest,METRO VANCOUVER,,1007,981,6,6,1,8,395,417,11,137,24,8,11,5,1,,1,1053777286.00,1046452.10,663900.00,21141798.43,11020.00
2016-08-15,Mainland/Southwest,METRO VANCOUVER,,1526,1506,13,5,7,14,531,649,19,268,18,2,10,6,,1,1,1389630548.00,910636.00,626500.00,26141236.41,10149.00
2016-08-22,Mainland/Southwest,METRO VANCOUVER,,3378,3306,35,12,17,27,1341,1516,13,345,59,17,32,10,,8,5,3237890005.00,958522.80,668278.00,63087242.76,11300.00
2016-09-01,Mainland/Southwest,METRO VANCOUVER,,1024,995,7,1,1,14,330,490,9,143,26,8,16,2,1,2,,959894315.00,937396.80,582595.00,19500838.89,9010.00
2016-09-08,Mainland/Southwest,METRO VANCOUVER,,912,896,11,2,6,13,289,418,12,145,10,3,4,3,1,4,1,796218121.00,873046.20,589900.00,15404058.06,9201.01
2016-09-15,Mainland/Southwest,METRO VANCOUVER,,1155,1089,26,3,4,8,397,470,11,170,60,30,13,17,3,1,2,1241879230.00,1075220.10,622000.00,27273165.11,10400.00
2016-09-22,Mainland/Southwest,METRO VANCOUVER,,2777,2664,22,5,10,15,791,1185,13,623,108,63,21,24,1,3,1,3013571594.00,1085189.60,585000.00,65690765.36,9500.00
2016-10-01,Mainland/Southwest,METRO VANCOUVER,,796,765,5,5,1,11,225,309,5,204,28,8,11,9,,1,2,732055407.00,919667.60,567499.50,15135468.13,9000.00
2016-10-08,Mainland/Southwest,METRO VANCOUVER,,796,771,3,2,2,6,229,333,4,192,19,1,12,6,,,6,627638613.00,788490.70,520000.00,13231900.60,8279.00
2016-10-15,Mainland/Southwest,METRO VANCOUVER,,1123,1099,6,1,3,10,208,344,6,521,19,6,8,5,,,5,830971891.00,739957.20,479566.50,17786263.04,7050.00
2016-10-22,Mainland/Southwest,METRO VANCOUVER,,2124,2059,10,2,3,8,409,674,8,945,58,6,7,45,3,1,3,1776006197.00,836161.10,526845.00,38794354.96,8100.00
2016-06-01,Mainland/Southwest,SQUAMISH-LILLOOET,,51,42,2,1,,,19,15,5,,1,,1,,8,,,42637887.00,836037.00,557500.00,848067.78,9150.00
2016-06-08,Mainland/Southwest,SQUAMISH-LILLOOET,,42,33,3,,,,13,13,4,,1,1,,,8,,,25991999.00,618857.10,497925.00,476903.49,7958.50
2016-06-15,Mainland/Southwest,SQUAMISH-LILLOOET,,67,56,2,2,1,,16,28,5,2,2,1,1,,9,,,56690688.00,846129.70,454000.00,1145804.76,7080.00
2016-06-22,Mainland/Southwest,SQUAMISH-LILLOOET,,171,163,6,,,,68,64,23,2,2,,2,,5,,1,104449398.00,610815.20,474000.00,1826200.43,7480.00
2016-07-01,Mainland/Southwest,SQUAMISH-LILLOOET,,51,44,2,6,,,14,13,4,5,2,,1,1,4,1,,21023775.00,412230.90,339000.00,337747.75,4780.00
2016-07-08,Mainland/Southwest,SQUAMISH-LILLOOET,,62,34,1,1,,,19,9,3,1,26,,26,,2,,,37569183.00,605954.60,462727.50,628908.26,7254.55
2016-07-15,Mainland/Southwest,SQUAMISH-LILLOOET,,57,54,1,,,1,19,16,6,11,,,,,3,,,30129068.00,528580.10,385000.00,469172.44,4900.00
2016-07-22,Mainland/Southwest,SQUAMISH-LILLOOET,,115,108,8,,,1,36,55,6,2,3,1,2,,3,1,,69766457.00,606664.80,459000.00,1196600.85,7180.00
2016-08-01,Mainland/Southwest,SQUAMISH-LILLOOET,,53,53,2,,,1,17,17,1,15,,,,,,,,33552000.00,633056.60,427000.00,578425.00,6540.00
2016-08-08,Mainland/Southwest,SQUAMISH-LILLOOET,,42,36,1,,,,13,13,5,4,2,,1,1,2,2,,29195276.00,695125.60,624166.70,501334.57,9865.00
2016-08-15,Mainland/Southwest,SQUAMISH-LILLOOET,,58,52,3,,,,18,23,2,6,2,,2,,,4,,46169540.00,796026.50,506388.50,884098.84,8000.00
2016-08-22,Mainland/Southwest,SQUAMISH-LILLOOET,,120,114,5,2,1,,44,48,7,7,2,,2,,3,,1,87625478.00,730212.30,485000.00,1600782.60,7600.00
2016-09-01,Mainland/Southwest,SQUAMISH-LILLOOET,,64,61,5,,1,,22,19,9,5,1,,1,,2,,,33319100.00,520610.90,435000.00,536346.00,6150.00
2016-09-08,Mainland/Southwest,SQUAMISH-LILLOOET,,48,44,1,,1,,14,16,5,7,1,1,,,3,,,30102417.00,627133.70,437400.00,504345.17,6748.00
2016-09-15,Mainland/Southwest,SQUAMISH-LILLOOET,,53,49,1,,2,,12,28,6,,3,1,1,1,1,,,29986008.00,565773.70,420000.00,507416.95,6400.00
2016-09-22,Mainland/Southwest,SQUAMISH-LILLOOET,,105,97,6,,,,19,46,18,8,2,1,,1,4,,2,67086350.00,638917.60,429000.00,1235173.48,6580.00
2016-10-01,Mainland/Southwest,SQUAMISH-LILLOOET,,58,53,2,3,,,21,16,3,8,3,1,,2,2,,,37891461.00,653301.00,427017.20,636233.95,5719.00
2016-10-08,Mainland/Southwest,SQUAMISH-LILLOOET,,39,39,2,1,1,,12,14,5,4,,,,,,,,22370784.00,573609.80,475000.00,383240.68,7500.00
2016-10-15,Mainland/Southwest,SQUAMISH-LILLOOET,,39,35,5,,,,4,14,10,2,1,,,1,3,,,18356637.00,470683.00,320000.00,299633.75,4400.00
2016-10-22,Mainland/Southwest,SQUAMISH-LILLOOET,,100,90,7,1,,,18,24,8,32,2,,1,1,8,,,58585926.00,585859.30,419500.00,1022867.72,6336.61
2016-06-01,Mainland/Southwest,SUNSHINE COAST,,36,35,2,,,,25,3,,5,,,,,1,,,14947271.00,415202.00,305000.00,223560.00,3650.00
2016-06-08,Mainland/Southwest,SUNSHINE COAST,,40,36,4,,,,28,2,,2,1,1,,,2,,1,17932200.00,448305.00,329000.00,292961.50,4580.00
2016-06-15,Mainland/Southwest,SUNSHINE COAST,,53,51,8,,,1,36,6,,,,,,,,,2,23364319.00,440836.20,389000.00,353114.48,5500.00
2016-06-22,Mainland/Southwest,SUNSHINE COAST,,137,128,15,,1,,87,19,2,4,3,3,,,6,,,62003945.00,452583.50,380000.00,965673.19,5500.00
2016-07-01,Mainland/Southwest,SUNSHINE COAST,,44,41,6,,,,30,5,,,,,,,2,,1,20919110.00,475434.30,421300.00,327541.77,6341.00
2016-07-08,Mainland/Southwest,SUNSHINE COAST,,43,42,7,,,,29,5,,1,1,1,,,,,,18911340.00,439798.60,369000.00,290988.90,4990.00
2016-07-15,Mainland/Southwest,SUNSHINE COAST,,39,37,5,1,,1,26,3,1,,,,,,2,,,17652953.00,452639.80,389000.00,277095.59,5780.00
2016-07-22,Mainland/Southwest,SUNSHINE COAST,,91,89,10,1,,,65,11,,2,,,,,2,,,45096179.00,495562.40,419500.00,720515.73,6300.00
2016-08-01,Mainland/Southwest,SUNSHINE COAST,,29,29,1,2,,1,19,3,,3,,,,,,,,19215153.00,662591.50,484000.00,324985.00,7680.00
2016-08-08,Mainland/Southwest,SUNSHINE COAST,,22,22,1,,,,14,4,,3,,,,,,,,8741905.00,397359.30,346750.00,129510.00,4935.00
2016-08-15,Mainland/Southwest,SUNSHINE COAST,,34,34,1,,,,24,9,,,,,,,,,,15515744.00,456345.40,399950.00,224225.32,5549.00
2016-08-22,Mainland/Southwest,SUNSHINE COAST,,57,57,3,,,,42,10,,2,,,,,,,,27119071.00,475773.20,380000.00,376983.00,5235.00
2016-09-01,Mainland/Southwest,SUNSHINE COAST,,16,12,4,,,,7,1,,,3,2,,1,1,,,5639640.00,352477.50,349500.00,76131.81,4320.00
2016-09-08,Mainland/Southwest,SUNSHINE COAST,,18,18,2,,,,14,2,,,,,,,,,,11131050.00,618391.70,508750.00,184108.00,8175.00
2016-09-15,Mainland/Southwest,SUNSHINE COAST,,35,34,3,,,,27,4,,,,,,,1,,,15342693.00,438362.70,415500.00,231340.62,6100.00
2016-09-22,Mainland/Southwest,SUNSHINE COAST,,62,58,5,3,,,33,5,,12,2,1,,1,,2,,44379843.00,715803.90,462500.00,835147.28,7100.00
2016-10-01,Mainland/Southwest,SUNSHINE COAST,,14,14,3,,,,8,2,,1,,,,,,,,6539298.00,467092.70,494750.00,100070.00,7895.00
2016-10-08,Mainland/Southwest,SUNSHINE COAST,,20,20,2,,,,11,5,,2,,,,,,,,9238772.00,461938.60,404750.00,135264.50,5599.00
2016-10-15,Mainland/Southwest,SUNSHINE COAST,,16,15,1,,,,8,5,,1,,,,,1,,,6969900.00,435618.80,403750.00,107498.00,6075.00
2016-10-22,Mainland/Southwest,SUNSHINE COAST,,25,23,,,,,7,3,,13,,,,,,1,1,13857361.00,554294.40,422500.00,237637.22,6450.00
2016-06-01,Nechako & North Coast,BULKLEY-NECHAKO,,22,20,10,,,,9,,,1,2,2,,,,,,2562800.00,116490.90,86514.00,29613.00,865.14
2016-06-08,Nechako & North Coast,BULKLEY-NECHAKO,,22,17,10,,,,7,,,,3,2,,1,2,,,3333020.00,151500.90,134500.00,38505.20,1345.00
2016-06-15,Nechako & North Coast,BULKLEY-NECHAKO,,23,22,10,,1,1,8,1,,1,,,,,1,,,3513980.00,152781.70,88500.00,44124.80,885.00
2016-06-22,Nechako & North Coast,BULKLEY-NECHAKO,,64,60,20,,3,2,31,2,,2,,,,,1,2,1,13656947.00,213389.80,202000.00,175331.86,1902.00
2016-07-01,Nechako & North Coast,BULKLEY-NECHAKO,,12,11,2,1,,,8,,,,,,,,,1,,2143625.00,178635.40,173950.00,24996.00,1764.00
2016-07-08,Nechako & North Coast,BULKLEY-NECHAKO,,20,19,8,,,,10,,,1,,,,,1,,,3125450.00,156272.50,163750.00,36732.50,1637.50
2016-07-15,Nechako & North Coast,BULKLEY-NECHAKO,,42,37,15,,,,21,,,1,1,1,,,,3,1,7598500.00,180916.70,167450.00,95560.50,1674.50
2016-07-22,Nechako & North Coast,BULKLEY-NECHAKO,,44,39,18,3,2,,15,,,1,4,4,,,,1,,7071490.00,160715.70,117500.00,87117.28,1040.00
2016-08-01,Nechako & North Coast,BULKLEY-NECHAKO,,18,16,5,1,,,10,,,,1,1,,,,,1,5451117.00,302839.80,220000.00,80442.35,2400.00
2016-08-08,Nechako & North Coast,BULKLEY-NECHAKO,,22,21,7,,3,,10,1,,,,,,,1,,,4602140.00,209188.20,207120.00,58059.80,1675.00
2016-08-15,Nechako & North Coast,BULKLEY-NECHAKO,,29,29,9,2,,,18,,,,,,,,,,,6048304.00,208562.20,195000.00,75519.49,1950.00
2016-08-22,Nechako & North Coast,BULKLEY-NECHAKO,,43,43,15,5,,,22,,,1,,,,,,,,7595500.00,176639.50,175000.00,92915.00,1750.00
2016-09-01,Nechako & North Coast,BULKLEY-NECHAKO,,21,20,7,,1,,12,,,,,,,,,1,,4756050.00,226478.60,227000.00,59890.50,2540.00
2016-09-08,Nechako & North Coast,BULKLEY-NECHAKO,,21,21,5,,1,2,12,,,1,,,,,,,,3504900.00,166900.00,165000.00,38568.00,1650.00
2016-09-15,Nechako & North Coast,BULKLEY-NECHAKO,,21,19,8,,,,9,,,2,1,1,,,,1,,3062400.00,145828.60,144000.00,35734.00,1440.00
2016-09-22,Nechako & North Coast,BULKLEY-NECHAKO,,51,44,10,3,1,,21,,,9,1,,,1,1,2,3,8409802.00,164898.10,140000.00,106423.54,1400.00
2016-10-01,Nechako & North Coast,BULKLEY-NECHAKO,,15,15,4,,,,11,,,,,,,,,,,2390415.00,159361.00,145000.00,28984.15,1450.00
2016-10-08,Nechako & North Coast,BULKLEY-NECHAKO,,15,14,4,,,,9,,,1,1,1,,,,,,3419250.00,227950.00,245900.00,43994.00,2918.00
2016-10-15,Nechako & North Coast,BULKLEY-NECHAKO,,10,8,1,,,,6,,,1,,,,,2,,,1770231.00,177023.10,163350.00,21386.12,1683.50
2016-10-22,Nechako & North Coast,BULKLEY-NECHAKO,,31,27,4,,2,,13,,,8,3,,,3,,1,,8340915.00,269061.80,205000.00,120822.15,2100.00
2016-06-01,Nechako & North Coast,KITIMAT-STIKINE-NORTH COAST,,39,32,1,1,,1,27,2,,,7,7,,,,,,7341467.00,188242.70,105000.00,91212.17,950.00
2016-06-08,Nechako & North Coast,KITIMAT-STIKINE-NORTH COAST,,18,17,5,,,,12,,,,1,1,,,,,,3173740.00,176318.90,169000.00,40917.30,1690.00
2016-06-15,Nechako & North Coast,KITIMAT-STIKINE-NORTH COAST,,21,20,1,,,,17,1,,1,1,1,,,,,,6726250.00,320297.60,315000.00,98132.50,4300.00
2016-06-22,Nechako & North Coast,KITIMAT-STIKINE-NORTH COAST,,63,62,12,,1,,47,1,1,,,,,,1,,,15019625.00,238406.70,250000.00,197459.60,3000.00
2016-07-01,Nechako & North Coast,KITIMAT-STIKINE-NORTH COAST,,13,13,,,,,11,1,,1,,,,,,,,3191733.00,245517.90,220000.00,41714.65,2400.00
2016-07-08,Nechako & North Coast,KITIMAT-STIKINE-NORTH COAST,,25,25,3,,,,21,1,,,,,,,,,,5566796.00,222671.80,225000.00,76045.46,2500.00
2016-07-15,Nechako & North Coast,KITIMAT-STIKINE-NORTH COAST,,17,17,,1,,,14,2,,,,,,,,,,3570400.00,210023.50,198000.00,47194.00,1980.00
2016-07-22,Nechako & North Coast,KITIMAT-STIKINE-NORTH COAST,,52,49,1,1,,,46,1,,,1,1,,,2,,,12177399.00,234180.80,227450.00,158577.98,2549.00
2016-08-01,Nechako & North Coast,KITIMAT-STIKINE-NORTH COAST,,11,9,,,,,9,,,,2,2,,,,,,3422600.00,311145.50,265000.00,50155.00,3300.00
2016-08-08,Nechako & North Coast,KITIMAT-STIKINE-NORTH COAST,,21,18,1,,,,16,1,,,3,3,,,,,,7216500.00,343642.90,205000.00,114580.00,2100.00
2016-08-15,Nechako & North Coast,KITIMAT-STIKINE-NORTH COAST,,17,16,3,,,,13,,,,,,,,,,1,4230600.00,248858.80,269900.00,56010.00,3398.00
2016-08-22,Nechako & North Coast,KITIMAT-STIKINE-NORTH COAST,,35,32,2,,,,29,,,1,2,2,,,,,1,8635400.00,246725.70,220000.00,115985.00,2400.00
2016-09-01,Nechako & North Coast,KITIMAT-STIKINE-NORTH COAST,,20,13,,,,,12,1,,,,,,,,,7,3589738.00,179486.90,184500.00,44647.37,1845.00
2016-09-08,Nechako & North Coast,KITIMAT-STIKINE-NORTH COAST,,15,11,2,,,,8,1,,,2,2,,,,,2,3507539.00,233835.90,230000.00,47024.39,2600.00
2016-09-15,Nechako & North Coast,KITIMAT-STIKINE-NORTH COAST,,20,18,4,,,,13,1,,,1,1,,,,,1,3591000.00,179550.00,139000.00,47620.00,1390.00
2016-09-22,Nechako & North Coast,KITIMAT-STIKINE-NORTH COAST,,29,29,1,1,,,23,2,,2,,,,,,,,6618549.00,228225.80,210000.00,84310.49,2200.00
2016-10-01,Nechako & North Coast,KITIMAT-STIKINE-NORTH COAST,,8,8,,,,,6,1,,1,,,,,,,,1482000.00,185250.00,153750.00,19445.00,1707.50
2016-10-08,Nechako & North Coast,KITIMAT-STIKINE-NORTH COAST,,19,17,1,,,,12,3,1,,2,2,,,,,,3329850.00,175255.30,150000.00,35941.67,1250.00
2016-10-15,Nechako & North Coast,KITIMAT-STIKINE-NORTH COAST,,15,14,1,1,,,11,,,1,1,1,,,,,,2748190.00,183212.70,200000.00,33496.90,2000.00
2016-10-22,Nechako & North Coast,KITIMAT-STIKINE-NORTH COAST,,20,20,2,,,,10,,,8,,,,,,,,4970300.00,248515.00,246250.00,66878.00,2925.00
2016-06-01,Northeast,NORTHERN ROCKIES-PEACE RIVER,,23,20,2,,1,,10,3,1,3,,,,,,3,,5319225.00,231270.60,194000.00,67958.85,1850.00
2016-06-08,Northeast,NORTHERN ROCKIES-PEACE RIVER,,38,23,4,,,,13,2,,4,7,3,,4,,8,,12722886.00,334812.80,254500.00,186657.25,2960.25
2016-06-15,Northeast,NORTHERN ROCKIES-PEACE RIVER,,35,29,4,1,2,,16,,,6,1,1,,,1,1,3,9573128.00,273517.90,250000.00,135059.16,3000.00
2016-06-22,Northeast,NORTHERN ROCKIES-PEACE RIVER,,46,42,2,,,,33,3,1,3,,,,,,3,1,14188725.00,308450.50,296356.60,163820.90,3040.00
2016-07-01,Northeast,NORTHERN ROCKIES-PEACE RIVER,,16,13,2,,,,11,,,,,,,,1,2,,4839463.00,302466.50,293000.00,70888.07,3860.00
2016-07-08,Northeast,NORTHERN ROCKIES-PEACE RIVER,,26,18,2,1,,,15,,,,1,1,,,,6,1,4704483.00,180941.70,120000.00,61954.83,1200.00
2016-07-15,Northeast,NORTHERN ROCKIES-PEACE RIVER,,25,24,4,,3,,17,,,,1,1,,,,,,8093700.00,323748.00,325000.00,112594.00,3486.00
2016-07-22,Northeast,NORTHERN ROCKIES-PEACE RIVER,,46,36,9,,1,,23,2,,1,2,1,,1,,8,,11250746.00,244581.40,227500.00,139143.00,2181.00
2016-08-01,Northeast,NORTHERN ROCKIES-PEACE RIVER,,24,14,2,,1,,10,,,1,8,5,,3,,2,,29781556.00,1240898.20,358750.00,684002.43,4850.00
2016-08-08,Northeast,NORTHERN ROCKIES-PEACE RIVER,,23,19,2,,1,,14,2,,,4,3,,1,,,,10890142.00,473484.40,335000.00,166831.50,3560.00
2016-08-15,Northeast,NORTHERN ROCKIES-PEACE RIVER,,25,22,6,,,,15,1,,,2,2,,,,1,,6814454.00,272578.20,225000.00,92296.30,2180.00
2016-08-22,Northeast,NORTHERN ROCKIES-PEACE RIVER,,44,38,2,,,,32,1,,3,,,,,1,4,1,12137588.00,275854.30,252000.00,136936.29,2475.00
2016-09-01,Northeast,NORTHERN ROCKIES-PEACE RIVER,,21,19,2,,1,,14,1,1,,1,1,,,,1,,9220038.00,439049.40,325000.00,162144.07,4500.00
2016-09-08,Northeast,NORTHERN ROCKIES-PEACE RIVER,,22,18,1,,3,,13,,,1,1,,,1,,3,,4660348.00,211834.00,169950.00,63042.63,1699.50
2016-09-15,Northeast,NORTHERN ROCKIES-PEACE RIVER,,25,24,3,,1,,19,,,1,1,1,,,,,,9368382.00,374735.30,305000.00,110738.75,3000.00
2016-09-22,Northeast,NORTHERN ROCKIES-PEACE RIVER,,59,46,8,1,,,22,4,,11,2,2,,,1,10,,13447175.00,227918.20,199300.00,172666.67,1750.00
2016-10-01,Northeast,NORTHERN ROCKIES-PEACE RIVER,,26,21,2,,1,,15,,1,2,1,1,,,,3,1,5739855.00,220763.70,240000.00,74982.50,2800.00
2016-10-08,Northeast,NORTHERN ROCKIES-PEACE RIVER,,20,16,2,,,,12,1,1,,4,4,,,,,,6298486.00,314924.30,263250.00,74650.00,2150.00
2016-10-15,Northeast,NORTHERN ROCKIES-PEACE RIVER,,25,19,5,,,,11,,,3,,,,,1,5,,5405351.00,216214.00,255000.00,69487.05,2000.00
2016-10-22,Northeast,NORTHERN ROCKIES-PEACE RIVER,,49,40,5,,1,,26,,,8,5,2,,3,,3,1,49873210.00,1017820.60,260000.00,1239099.18,3100.00
2016-06-01,Thompson/Okanagan,CENTRAL OKANAGAN,,185,178,5,1,,,115,52,,5,4,3,,1,2,,1,102432386.00,553688.60,434000.00,1720191.53,6530.00
2016-06-08,Thompson/Okanagan,CENTRAL OKANAGAN,,125,122,2,,,2,77,33,,8,3,1,,2,,,,58998514.00,471988.10,390000.00,874695.49,5350.00
2016-06-15,Thompson/Okanagan,CENTRAL OKANAGAN,,209,202,8,,2,,131,54,,7,3,3,,,,4,,115876747.00,554434.20,469000.00,1862791.79,6870.00
2016-06-22,Thompson/Okanagan,CENTRAL OKANAGAN,,558,545,15,4,5,3,341,152,,25,5,4,,1,4,3,1,301820977.00,540897.80,455000.00,4912535.77,6818.50
2016-07-01,Thompson/Okanagan,CENTRAL OKANAGAN,,146,144,7,1,,,95,35,,6,2,1,1,,,,,78591299.00,538296.60,490000.00,1245933.83,7250.00
2016-07-08,Thompson/Okanagan,CENTRAL OKANAGAN,,195,194,5,,1,,118,59,,11,1,1,,,,,,94646186.00,485365.10,410000.00,1421023.32,5621.00
2016-07-15,Thompson/Okanagan,CENTRAL OKANAGAN,,200,197,8,,2,2,127,43,2,13,1,,,1,1,1,,117168869.00,585844.30,454250.00,2007212.20,6600.00
2016-07-22,Thompson/Okanagan,CENTRAL OKANAGAN,,442,440,7,2,,2,242,125,1,61,1,,1,,1,,,214915707.00,486234.60,420000.00,3370502.58,6067.09
2016-08-01,Thompson/Okanagan,CENTRAL OKANAGAN,,196,192,4,,,,105,60,2,21,4,3,1,,,,,103266605.00,526870.40,432500.00,1687366.94,6140.00
2016-08-08,Thompson/Okanagan,CENTRAL OKANAGAN,,129,127,3,1,,,65,48,,10,2,1,,1,,,,65742796.00,509634.10,435000.00,1051572.27,6640.00
2016-08-15,Thompson/Okanagan,CENTRAL OKANAGAN,,257,257,4,4,,,155,67,1,26,,,,,,,,130996592.00,509714.40,452754.90,2060531.64,6700.00
2016-08-22,Thompson/Okanagan,CENTRAL OKANAGAN,,466,455,6,2,1,,271,140,1,34,7,2,3,2,1,1,2,237384787.00,509409.40,433950.00,3750644.19,6526.50
2016-09-01,Thompson/Okanagan,CENTRAL OKANAGAN,,180,175,8,,2,,88,64,,13,4,3,1,,1,,,91405070.00,507805.90,406600.00,1452167.35,6018.50
2016-09-08,Thompson/Okanagan,CENTRAL OKANAGAN,,144,138,3,1,1,1,69,50,,13,6,1,5,,,,,69481723.00,482512.00,417450.00,1061704.56,5481.50
2016-09-15,Thompson/Okanagan,CENTRAL OKANAGAN,,176,172,3,,2,,92,49,1,25,1,1,,,2,1,,102076969.00,579982.80,439450.00,1725511.68,6399.00
2016-09-22,Thompson/Okanagan,CENTRAL OKANAGAN,,431,419,6,4,,3,186,109,4,107,9,3,2,4,2,1,,244893845.00,568199.20,433500.00,4166438.55,6520.00
2016-10-01,Thompson/Okanagan,CENTRAL OKANAGAN,,139,134,7,,2,,72,29,1,23,4,3,,1,1,,,75315147.00,541835.60,419000.00,1213096.96,6200.00
2016-10-08,Thompson/Okanagan,CENTRAL OKANAGAN,,143,136,6,,1,,70,40,,19,3,1,,2,2,2,,73463104.00,513728.00,465900.00,1150570.71,7140.00
2016-10-15,Thompson/Okanagan,CENTRAL OKANAGAN,,125,124,3,,2,,70,35,1,13,1,1,,,,,,67822943.00,542583.50,440000.00,1138469.99,6790.00
2016-10-22,Thompson/Okanagan,CENTRAL OKANAGAN,,309,303,6,,3,1,91,61,1,140,4,,1,3,,2,,176055423.00,569758.60,450000.00,2972598.13,6740.00
2016-06-01,Thompson/Okanagan,COLUMBIA SHUSWAP,,56,51,5,1,,,39,6,,,3,3,,,1,1,,15533681.00,277387.20,245000.00,221430.81,2900.00
2016-06-08,Thompson/Okanagan,COLUMBIA SHUSWAP,,47,41,7,1,1,,24,7,,1,4,3,1,,2,,,19820705.00,421717.10,300000.00,333584.05,3700.00
2016-06-15,Thompson/Okanagan,COLUMBIA SHUSWAP,,65,61,9,,1,1,38,7,,5,,,,,3,1,,19416722.00,298718.80,290000.00,270320.99,3740.00
2016-06-22,Thompson/Okanagan,COLUMBIA SHUSWAP,,115,108,16,1,3,2,75,10,,1,5,3,1,1,1,1,,34443162.00,299505.80,262500.00,477168.38,3200.00
2016-07-01,Thompson/Okanagan,COLUMBIA SHUSWAP,,24,24,3,,,,20,1,,,,,,,,,,7557500.00,314895.80,300000.00,112175.00,4000.00
2016-07-08,Thompson/Okanagan,COLUMBIA SHUSWAP,,56,54,8,,1,,38,3,,4,,,,,1,,1,17103457.00,305418.90,317500.00,241486.14,4150.00
2016-07-15,Thompson/Okanagan,COLUMBIA SHUSWAP,,55,50,6,,1,,36,5,,2,1,1,,,1,,3,14901052.00,270928.20,246450.00,201590.69,2920.00
2016-07-22,Thompson/Okanagan,COLUMBIA SHUSWAP,,96,86,13,,1,,56,13,,3,3,3,,,7,,,36044073.00,375459.10,324250.00,549892.81,4435.00
2016-08-01,Thompson/Okanagan,COLUMBIA SHUSWAP,,25,24,5,,,,17,2,,,1,1,,,,,,8896820.00,355872.80,300000.00,124908.00,3800.00
2016-08-08,Thompson/Okanagan,COLUMBIA SHUSWAP,,36,35,2,1,2,,24,4,,2,1,1,,,,,,11104038.00,308445.50,291250.00,152419.36,3749.00
2016-08-15,Thompson/Okanagan,COLUMBIA SHUSWAP,,72,56,4,1,4,,36,7,,4,3,2,,1,12,,1,21769468.00,302353.70,258750.00,323604.68,3175.00
2016-08-22,Thompson/Okanagan,COLUMBIA SHUSWAP,,79,76,7,3,1,1,51,11,,2,2,,,2,,1,,26094566.00,330311.00,315000.00,380570.66,4300.00
2016-09-01,Thompson/Okanagan,COLUMBIA SHUSWAP,,36,33,6,,1,,22,3,,1,1,1,,,2,,,12553352.00,348704.20,317500.00,184433.52,4350.00
2016-09-08,Thompson/Okanagan,COLUMBIA SHUSWAP,,42,41,9,,,,25,4,,3,1,1,,,,,,11985890.00,285378.30,323250.00,170391.43,4465.00
2016-09-15,Thompson/Okanagan,COLUMBIA SHUSWAP,,45,43,3,,,,34,4,,2,2,1,1,,,,,16057848.00,356841.10,300000.00,241757.48,4000.00
2016-09-22,Thompson/Okanagan,COLUMBIA SHUSWAP,,85,78,7,1,2,,43,7,,18,2,2,,,2,1,2,30855394.00,363004.60,325000.00,476727.50,4400.00
2016-10-01,Thompson/Okanagan,COLUMBIA SHUSWAP,,32,31,4,,,,19,4,,4,1,1,,,,,,11495070.00,359221.00,284750.00,165139.98,3645.00
2016-10-08,Thompson/Okanagan,COLUMBIA SHUSWAP,,31,30,2,,,2,24,1,,1,,,,,,1,,10482600.00,338148.40,305000.00,159166.00,4100.00
2016-10-15,Thompson/Okanagan,COLUMBIA SHUSWAP,,27,26,4,1,2,1,16,1,,1,,,,,,1,,9244300.00,342381.50,320000.00,128518.72,4200.00
2016-10-22,Thompson/Okanagan,COLUMBIA SHUSWAP,,61,52,5,2,,1,21,5,,18,3,1,,2,3,,3,20718850.00,339653.30,275000.00,312231.50,3500.00
2016-06-01,Thompson/Okanagan,NORTH OKANAGAN,,68,67,6,,5,,41,12,,3,,,,,,1,,23658299.00,347916.20,362084.40,321070.14,5175.00
2016-06-08,Thompson/Okanagan,NORTH OKANAGAN,,45,39,5,1,1,,21,10,,1,3,3,,,,2,1,16156500.00,359033.30,330000.00,242419.00,4600.00
2016-06-15,Thompson/Okanagan,NORTH OKANAGAN,,74,68,5,,1,,52,7,,3,4,3,,1,,2,,37632259.00,508544.00,352100.00,633730.50,4530.00
2016-06-22,Thompson/Okanagan,NORTH OKANAGAN,,252,248,15,2,64,,118,41,,8,1,,1,,1,2,,85336869.00,338638.40,332500.00,1292948.42,4581.25
2016-07-01,Thompson/Okanagan,NORTH OKANAGAN,,50,49,4,,2,,36,6,,1,1,,,1,,,,22454071.00,449081.40,411000.00,344153.00,6100.00
2016-07-08,Thompson/Okanagan,NORTH OKANAGAN,,102,102,7,,2,1,78,11,,3,,,,,,,,44335781.00,434664.50,385950.00,689321.61,5719.00
2016-07-15,Thompson/Okanagan,NORTH OKANAGAN,,76,73,9,,3,,46,14,,1,1,1,,,1,,1,28207041.00,371145.30,344500.00,406124.49,4740.00
2016-07-22,Thompson/Okanagan,NORTH OKANAGAN,,167,159,8,2,4,2,107,28,,8,5,5,,,2,1,,69079864.00,413651.90,355000.00,1007286.09,4640.00
2016-08-01,Thompson/Okanagan,NORTH OKANAGAN,,73,72,6,,1,,47,15,,3,1,,,1,,,,29354818.00,402120.80,359900.00,418276.50,4700.00
2016-08-08,Thompson/Okanagan,NORTH OKANAGAN,,51,51,3,,1,,29,17,,1,,,,,,,,19625126.00,384806.40,330000.00,284762.10,4500.00
2016-08-15,Thompson/Okanagan,NORTH OKANAGAN,,100,99,8,1,1,,63,16,,10,1,1,,,,,,42555129.00,425551.30,357063.00,649161.96,4974.00
2016-08-22,Thompson/Okanagan,NORTH OKANAGAN,,171,166,11,,7,,103,32,,13,4,4,,,,1,,66294573.00,387687.60,360100.00,951280.78,4900.00
2016-09-01,Thompson/Okanagan,NORTH OKANAGAN,,63,62,4,,,1,38,17,1,1,1,1,,,,,,24111325.00,382719.40,344000.00,348552.25,4670.00
2016-09-08,Thompson/Okanagan,NORTH OKANAGAN,,58,55,8,,,1,35,9,,2,,,,,3,,,22713207.00,391607.00,361250.00,318674.56,5075.00
2016-09-15,Thompson/Okanagan,NORTH OKANAGAN,,65,63,6,,5,,39,7,,6,,,,,2,,,26141426.00,402175.80,345000.00,370691.82,4360.00
2016-09-22,Thompson/Okanagan,NORTH OKANAGAN,,196,182,16,1,3,1,99,36,,26,14,11,3,,,,,76689888.00,391274.90,350000.00,1147975.60,4765.00
2016-10-01,Thompson/Okanagan,NORTH OKANAGAN,,58,49,3,1,4,1,24,9,,7,6,5,,1,3,,,30401240.00,524159.30,320000.00,562537.81,4400.00
2016-10-08,Thompson/Okanagan,NORTH OKANAGAN,,66,62,6,,1,1,38,8,,8,1,,1,,1,2,,21707121.00,328895.80,292500.00,290714.92,3280.00
2016-10-15,Thompson/Okanagan,NORTH OKANAGAN,,68,63,4,,4,,42,5,,8,2,1,,1,1,2,,27917329.00,410549.00,339750.00,432471.58,4770.00
2016-10-22,Thompson/Okanagan,NORTH OKANAGAN,,115,107,7,,1,,44,16,,39,5,1,,4,3,,,50913234.00,442723.80,370000.00,770593.78,5300.00
2016-06-01,Thompson/Okanagan,OKANAGAN-SIMILKAMEEN,,101,95,11,,2,3,62,16,,1,2,2,,,1,2,1,44405320.00,439656.60,319767.40,708279.42,4000.00
2016-06-08,Thompson/Okanagan,OKANAGAN-SIMILKAMEEN,,75,67,7,,2,,47,8,,3,4,2,,2,3,,1,23370518.00,311606.90,247000.00,332126.54,2800.00
2016-06-15,Thompson/Okanagan,OKANAGAN-SIMILKAMEEN,,87,82,6,5,3,,44,18,1,5,2,2,,,,1,2,33438610.00,384351.80,345000.00,479573.60,4800.00
2016-06-22,Thompson/Okanagan,OKANAGAN-SIMILKAMEEN,,187,181,16,,5,1,113,37,,9,3,3,,,,2,1,77161588.00,412628.80,350000.00,1152851.81,4750.00
2016-07-01,Thompson/Okanagan,OKANAGAN-SIMILKAMEEN,,56,55,3,1,,1,31,14,1,4,,,,,,1,,21484895.00,383658.80,314000.00,310873.08,3930.00
2016-07-08,Thompson/Okanagan,OKANAGAN-SIMILKAMEEN,,78,68,6,,,,36,22,,4,1,1,,,5,3,1,32662111.00,418745.00,311250.00,467501.38,3560.00
2016-07-15,Thompson/Okanagan,OKANAGAN-SIMILKAMEEN,,75,68,8,1,1,1,38,17,,2,2,2,,,3,1,1,26919902.00,358932.00,300387.60,403258.40,4007.75
2016-07-22,Thompson/Okanagan,OKANAGAN-SIMILKAMEEN,,149,144,10,,5,,95,30,,4,2,1,,1,1,2,,56809919.00,381274.60,330000.00,858959.71,4600.00
2016-08-01,Thompson/Okanagan,OKANAGAN-SIMILKAMEEN,,65,62,10,,,1,33,17,,1,3,2,,1,,,,25981588.00,399716.70,320000.00,391346.26,4000.00
2016-08-08,Thompson/Okanagan,OKANAGAN-SIMILKAMEEN,,48,41,5,,2,2,25,5,1,1,4,,,4,3,,,13996989.00,291603.90,240750.00,189671.15,2800.00
2016-08-15,Thompson/Okanagan,OKANAGAN-SIMILKAMEEN,,99,94,5,1,1,1,53,23,1,9,,,,,4,1,,34612716.00,349623.40,315000.00,464954.38,3940.00
2016-08-22,Thompson/Okanagan,OKANAGAN-SIMILKAMEEN,,164,154,9,4,3,1,98,27,,12,4,4,,,1,5,,74210089.00,452500.50,337750.00,1229538.86,4570.00
2016-09-01,Thompson/Okanagan,OKANAGAN-SIMILKAMEEN,,74,64,7,,1,1,40,12,,3,4,2,,2,2,4,,34116578.00,461034.80,342500.00,565022.14,4770.00
2016-09-08,Thompson/Okanagan,OKANAGAN-SIMILKAMEEN,,65,63,3,,,,42,13,1,4,1,,,1,,1,,23155300.00,356235.40,325000.00,333311.00,4440.00
2016-09-15,Thompson/Okanagan,OKANAGAN-SIMILKAMEEN,,74,67,5,,1,,44,15,1,1,4,2,2,,2,,1,22869864.00,309052.20,278000.00,310916.80,3320.00
2016-09-22,Thompson/Okanagan,OKANAGAN-SIMILKAMEEN,,183,172,11,2,3,3,78,42,,33,7,4,1,2,4,,,74474511.00,406964.50,322175.00,1153159.78,4400.00
2016-10-01,Thompson/Okanagan,OKANAGAN-SIMILKAMEEN,,64,63,3,,1,1,35,16,,7,1,1,,,,,,20405274.00,318832.40,282807.70,271474.53,3350.00
2016-10-08,Thompson/Okanagan,OKANAGAN-SIMILKAMEEN,,64,61,,,3,,37,16,,5,2,2,,,1,,,23093511.00,360836.10,330000.00,331072.44,4480.00
2016-10-15,Thompson/Okanagan,OKANAGAN-SIMILKAMEEN,,55,54,3,1,1,2,34,8,,5,,,,,,1,,19920700.00,362194.50,322500.00,273170.63,3600.00
2016-10-22,Thompson/Okanagan,OKANAGAN-SIMILKAMEEN,,101,95,6,1,,,29,15,,44,3,3,,,1,2,,37372825.00,370028.00,300000.00,525239.70,3750.00
2016-06-01,Thompson/Okanagan,THOMPSON-NICOLA,,84,74,7,,3,,48,6,2,8,2,1,,1,3,5,,28054898.00,333986.90,306950.90,382968.11,3775.00
2016-06-08,Thompson/Okanagan,THOMPSON-NICOLA,,78,71,15,1,,,42,11,,2,6,6,,,,1,,27894475.00,357621.50,267500.00,424885.10,3179.00
2016-06-15,Thompson/Okanagan,THOMPSON-NICOLA,,74,69,,,1,,55,8,1,4,4,3,,1,,1,,26324667.00,355738.70,355000.00,363944.30,5049.00
2016-06-22,Thompson/Okanagan,THOMPSON-NICOLA,,255,248,19,,4,2,167,43,2,11,2,1,,1,1,1,3,81861106.00,321023.90,295000.00,1067235.61,3630.00
2016-07-01,Thompson/Okanagan,THOMPSON-NICOLA,,51,49,2,,,,42,5,,,1,1,,,1,,,20679355.00,405477.50,380000.00,300765.00,5200.00
2016-07-08,Thompson/Okanagan,THOMPSON-NICOLA,,94,91,7,1,1,,64,17,,1,2,2,,,,1,,31928312.00,339662.90,327775.00,431718.10,3785.00
2016-07-15,Thompson/Okanagan,THOMPSON-NICOLA,,97,94,8,,1,,65,17,1,2,2,1,1,,,1,,32485900.00,334906.20,315000.00,466824.25,4250.00
2016-07-22,Thompson/Okanagan,THOMPSON-NICOLA,,190,188,17,1,4,,123,37,,6,1,1,,,1,,,64016076.00,336926.70,319900.00,862442.75,4190.00
2016-08-01,Thompson/Okanagan,THOMPSON-NICOLA,,78,76,6,,1,,55,11,,3,1,,1,,,1,,29427372.00,377274.00,350000.00,417828.55,4850.00
2016-08-08,Thompson/Okanagan,THOMPSON-NICOLA,,79,72,7,,3,,50,11,,1,1,1,,,2,4,,21374319.00,270561.00,251700.00,282296.57,2748.00
2016-08-15,Thompson/Okanagan,THOMPSON-NICOLA,,121,113,8,,4,,79,16,,6,3,,2,1,1,2,2,42493282.00,351184.10,340000.00,585479.81,4400.00
2016-08-22,Thompson/Okanagan,THOMPSON-NICOLA,,226,220,12,3,3,,159,39,2,2,1,,1,,1,4,,75464676.00,333914.50,327000.00,1012260.54,3870.00
2016-09-01,Thompson/Okanagan,THOMPSON-NICOLA,,96,91,10,,,,53,16,,12,2,2,,,1,,2,28375883.00,295582.10,230000.00,378218.99,2420.00
2016-09-08,Thompson/Okanagan,THOMPSON-NICOLA,,60,58,7,,1,,33,8,,9,2,2,,,,,,20033764.00,333896.10,334500.00,259651.97,3455.00
2016-09-15,Thompson/Okanagan,THOMPSON-NICOLA,,94,90,6,2,2,,62,14,2,2,1,1,,,2,1,,26205542.00,278782.40,291000.00,326892.34,3249.00
2016-09-22,Thompson/Okanagan,THOMPSON-NICOLA,,200,190,17,3,1,1,104,34,,30,3,2,1,,3,4,,68386136.00,341930.70,325950.00,937966.81,4200.00
2016-10-01,Thompson/Okanagan,THOMPSON-NICOLA,,63,59,8,1,,,27,12,,11,3,2,,1,1,,,24464944.00,388332.40,327700.00,363586.75,3570.00
2016-10-08,Thompson/Okanagan,THOMPSON-NICOLA,,87,85,4,1,1,,60,11,,8,1,1,,,1,,,27622591.00,317501.00,315000.00,363025.30,3620.00
2016-10-15,Thompson/Okanagan,THOMPSON-NICOLA,,76,75,3,,2,,54,7,,9,,,,,,1,,23608172.00,310633.80,307000.00,322129.53,3850.00
2016-10-22,Thompson/Okanagan,THOMPSON-NICOLA,,149,141,2,,1,1,66,16,4,51,6,3,,3,1,,1,50744840.00,340569.40,320000.00,715791.49,4094.00
2016-06-01,Unknown/Rural,RURAL-UNKNOWN,,52,41,12,1,,,22,,,6,2,,,2,5,3,1,19605274.00,377024.50,370000.00,291314.48,5050.00
2016-06-08,Unknown/Rural,RURAL-UNKNOWN,,31,27,9,,,,8,,,10,1,,,1,1,1,1,12154575.00,392083.10,317000.00,181915.50,3950.00
2016-06-15,Unknown/Rural,RURAL-UNKNOWN,,43,38,6,,1,,21,2,,8,3,2,1,,1,,1,18322419.00,426102.80,380000.00,276085.39,5238.10
2016-06-22,Unknown/Rural,RURAL-UNKNOWN,,121,111,27,2,2,,54,2,,24,4,,2,2,6,,,51986306.00,429638.90,341000.00,790670.89,4700.00
2016-07-01,Unknown/Rural,RURAL-UNKNOWN,,27,27,5,,,,17,,,5,,,,,,,,10698975.00,396258.30,359000.00,162047.50,5180.00
2016-07-08,Unknown/Rural,RURAL-UNKNOWN,,56,51,13,,,,22,,3,13,1,1,,,2,1,1,22615892.00,403855.20,355000.00,334710.38,4380.95
2016-07-15,Unknown/Rural,RURAL-UNKNOWN,,47,45,10,,1,,27,1,,6,1,,,1,1,,,17106286.00,363963.50,310000.00,266599.72,3998.00
2016-07-22,Unknown/Rural,RURAL-UNKNOWN,,113,97,17,,2,,47,3,,28,1,,,1,3,,12,55537124.00,491479.00,382500.00,873537.08,5610.00
2016-08-01,Unknown/Rural,RURAL-UNKNOWN,,138,125,19,1,1,,76,25,,3,4,,4,,4,4,1,62250150.00,451088.00,317500.00,1058270.80,4250.00
2016-08-08,Unknown/Rural,RURAL-UNKNOWN,,101,92,21,,1,,55,12,1,2,1,1,,,7,1,,47395894.00,469266.30,364761.90,773991.08,5000.00
2016-08-15,Unknown/Rural,RURAL-UNKNOWN,,120,109,20,1,1,,65,12,,10,2,1,,1,7,1,1,48687674.00,405730.60,330000.00,826401.21,4150.00
2016-08-22,Unknown/Rural,RURAL-UNKNOWN,,256,243,38,2,6,,155,38,1,3,3,3,,,4,5,1,112028612.00,437611.80,364500.00,1736496.41,4790.00
2016-09-01,Unknown/Rural,RURAL-UNKNOWN,,106,95,28,1,2,,46,11,1,6,2,2,,,7,1,1,41430776.00,390856.40,291000.00,652549.76,3820.00
2016-09-08,Unknown/Rural,RURAL-UNKNOWN,,71,65,16,1,2,,43,,1,2,,,,,5,,1,24786176.00,349101.10,210000.00,383199.77,2200.00
2016-09-15,Unknown/Rural,RURAL-UNKNOWN,,119,111,34,,3,,64,8,,2,1,,1,,2,4,1,36839206.00,309573.20,239000.00,535360.75,2600.00
2016-09-22,Unknown/Rural,RURAL-UNKNOWN,,263,217,38,2,3,,102,15,1,56,4,,2,2,19,17,6,105321980.00,400463.80,310000.00,1675211.51,3900.00
2016-10-01,Unknown/Rural,RURAL-UNKNOWN,,95,82,21,1,,,44,4,1,11,3,2,,1,9,1,,33118729.00,348618.20,250000.00,491800.07,2800.00
2016-10-08,Unknown/Rural,RURAL-UNKNOWN,,75,65,18,,1,,36,3,,7,1,1,,,6,2,1,19018517.00,253580.20,227500.00,260780.56,2333.33
2016-10-15,Unknown/Rural,RURAL-UNKNOWN,,88,72,19,,3,,40,3,1,6,1,,1,,5,3,7,22675860.00,257680.20,206250.00,326416.61,2125.00
2016-10-22,Unknown/Rural,RURAL-UNKNOWN,,161,153,32,,,,51,5,,65,2,,,2,6,,,65067662.00,404147.00,310000.00,1024861.22,3900.00
2016-06-01,Vancouver Island/Coast,ALBERNI-CLAYOQUOT,,20,19,,,,2,14,1,2,,1,1,,,,,,5540900.00,277045.00,232750.00,73914.00,2655.00
2016-06-08,Vancouver Island/Coast,ALBERNI-CLAYOQUOT,,23,19,,1,,,18,,,,1,1,,,3,,,6050825.00,263079.30,200000.00,83742.25,2000.00
2016-06-15,Vancouver Island/Coast,ALBERNI-CLAYOQUOT,,31,29,6,1,,,20,2,,,2,1,1,,,,,6651206.00,214555.00,145000.00,88264.68,1450.00
2016-06-22,Vancouver Island/Coast,ALBERNI-CLAYOQUOT,,56,53,5,2,1,2,39,2,1,1,1,,,1,2,,,16067400.00,286917.90,213500.00,226814.00,2270.00
2016-07-01,Vancouver Island/Coast,ALBERNI-CLAYOQUOT,,9,7,1,,,,6,,,,1,,,1,1,,,3292624.00,365847.10,257000.00,48756.24,3140.00
2016-07-08,Vancouver Island/Coast,ALBERNI-CLAYOQUOT,,16,12,,1,,,11,,,,4,4,,,,,,10732890.00,670805.60,362450.00,199044.80,5249.00
2016-07-15,Vancouver Island/Coast,ALBERNI-CLAYOQUOT,,23,23,2,,,,20,1,,,,,,,,,,6587900.00,286430.40,220000.00,90984.00,2400.00
2016-07-22,Vancouver Island/Coast,ALBERNI-CLAYOQUOT,,59,56,3,2,,,51,,,,,,,,3,,,15159394.00,256938.90,215000.00,207496.44,2300.00
2016-08-01,Vancouver Island/Coast,ALBERNI-CLAYOQUOT,,18,17,2,,,,14,1,,,,,,,1,,,7285710.00,404761.70,310000.00,110969.20,4200.00
2016-08-08,Vancouver Island/Coast,ALBERNI-CLAYOQUOT,,23,23,2,1,,,19,,,1,,,,,,,,6157925.00,267735.90,229000.00,85489.25,2580.00
2016-08-15,Vancouver Island/Coast,ALBERNI-CLAYOQUOT,,36,36,3,1,,,28,3,1,,,,,,,,,12439900.00,345552.80,266150.00,185247.00,3323.00
2016-08-22,Vancouver Island/Coast,ALBERNI-CLAYOQUOT,,58,54,1,3,,1,37,9,1,2,3,1,,2,1,,,16276170.00,280623.60,199500.00,230320.80,1995.00
2016-09-01,Vancouver Island/Coast,ALBERNI-CLAYOQUOT,,40,38,4,1,,,28,4,,1,1,1,,,1,,,11603110.00,290077.80,221500.00,164345.10,2430.00
2016-09-08,Vancouver Island/Coast,ALBERNI-CLAYOQUOT,,17,17,1,,,,12,3,,1,,,,,,,,4219387.00,248199.30,178000.00,52819.00,1640.00
2016-09-15,Vancouver Island/Coast,ALBERNI-CLAYOQUOT,,24,22,,,,,19,3,,,2,,,2,,,,4559050.00,189960.40,166500.00,54174.50,1665.00
2016-09-22,Vancouver Island/Coast,ALBERNI-CLAYOQUOT,,61,58,4,2,,,38,4,,10,3,2,,1,,,,20168290.00,330627.70,253000.00,294482.90,3060.00
2016-10-01,Vancouver Island/Coast,ALBERNI-CLAYOQUOT,,24,24,1,,,1,21,1,,,,,,,,,,7147450.00,297810.40,247750.00,100478.50,2955.00
2016-10-08,Vancouver Island/Coast,ALBERNI-CLAYOQUOT,,26,26,,,1,1,22,2,,,,,,,,,,8089500.00,311134.60,314000.00,113687.50,4280.00
2016-10-15,Vancouver Island/Coast,ALBERNI-CLAYOQUOT,,16,15,,,,,11,3,,1,,,,,1,,,3250900.00,203181.20,127500.00,42918.00,1275.00
2016-10-22,Vancouver Island/Coast,ALBERNI-CLAYOQUOT,,56,54,1,,,1,17,3,1,31,1,1,,,1,,,21010115.00,375180.60,302500.00,309989.79,4050.00
2016-06-01,Vancouver Island/Coast,CAPITAL,,259,257,4,2,,3,141,74,1,32,1,1,,,,1,,158501400.00,611974.50,544000.00,2522950.37,8600.00
2016-06-08,Vancouver Island/Coast,CAPITAL,,141,132,4,,,3,62,49,,14,7,4,2,1,,1,1,102746364.00,728697.60,465000.00,1850678.81,6650.00
2016-06-15,Vancouver Island/Coast,CAPITAL,,264,260,8,1,,2,142,96,1,10,4,,1,3,,,,156189684.00,591627.60,499450.00,2504377.68,7607.88
2016-06-22,Vancouver Island/Coast,CAPITAL,,931,918,16,2,4,8,457,290,93,48,13,6,1,6,,,,533245066.00,572765.90,470000.00,8862570.54,7000.00
2016-07-01,Vancouver Island/Coast,CAPITAL,,185,183,3,,1,2,109,59,,9,2,1,1,,,,,109559507.00,592213.50,485900.00,1803377.23,7600.00
2016-07-08,Vancouver Island/Coast,CAPITAL,,222,219,5,2,,,106,64,2,40,3,,2,1,,,,126258671.00,568732.80,429847.30,2073468.63,6280.00
2016-07-15,Vancouver Island/Coast,CAPITAL,,253,251,6,1,,3,146,84,,11,,,,,,,2,168942877.00,667758.40,542500.00,2880989.92,8500.00
2016-07-22,Vancouver Island/Coast,CAPITAL,,648,638,12,2,3,11,335,205,1,69,8,2,3,3,,,2,403383561.00,622505.50,495625.00,6789256.93,7200.00
2016-08-01,Vancouver Island/Coast,CAPITAL,,275,272,6,,,4,155,87,2,18,3,1,2,,,,,159929863.00,581563.10,530000.00,2614782.27,8560.00
2016-08-08,Vancouver Island/Coast,CAPITAL,,159,158,4,,1,4,93,46,2,8,1,1,,,,,,96796996.00,608786.10,525000.00,1626778.39,7930.00
2016-08-15,Vancouver Island/Coast,CAPITAL,,320,318,8,3,2,4,165,107,,29,2,2,,,,,,205224333.00,641326.00,495071.40,3506870.21,7610.00
2016-08-22,Vancouver Island/Coast,CAPITAL,,563,558,15,2,1,9,303,202,1,25,4,4,,,,,1,345191828.00,613129.40,525000.00,5677507.99,8200.00
2016-09-01,Vancouver Island/Coast,CAPITAL,,243,239,14,,1,5,123,80,,16,4,2,,2,,,,159480400.00,656297.90,511000.00,2804734.23,7980.00
2016-09-08,Vancouver Island/Coast,CAPITAL,,133,130,2,1,,1,64,41,1,20,3,1,1,1,,,,79423612.00,597170.00,525000.00,1252294.97,8000.00
2016-09-15,Vancouver Island/Coast,CAPITAL,,225,223,6,1,3,6,123,65,1,18,1,,,1,,1,,157909783.00,701821.30,506000.00,2790387.32,7700.00
2016-09-22,Vancouver Island/Coast,CAPITAL,,496,482,8,3,,12,175,129,3,152,8,5,2,1,2,2,2,327488784.00,660259.60,504404.80,5761493.78,7800.00
2016-10-01,Vancouver Island/Coast,CAPITAL,,156,142,1,1,,1,65,43,,31,13,11,,2,,,1,96381853.00,617832.40,471000.00,1591093.66,6692.00
2016-10-08,Vancouver Island/Coast,CAPITAL,,179,175,16,,,3,74,46,2,34,2,2,,,,,2,119123317.00,665493.40,500000.00,1996374.57,7700.00
2016-10-15,Vancouver Island/Coast,CAPITAL,,138,135,7,1,,,67,39,1,20,3,1,,2,,,,95178464.00,689699.00,585000.00,1604730.15,9415.00
2016-10-22,Vancouver Island/Coast,CAPITAL,,434,427,2,2,1,4,107,61,,250,4,1,,3,1,,2,268124534.00,617798.50,516500.00,4219715.56,7770.00
2016-06-01,Vancouver Island/Coast,COMOX VALLEY,,52,52,2,,,,37,11,,2,,,,,,,,16592110.00,319079.00,285000.00,210393.10,3475.00
2016-06-08,Vancouver Island/Coast,COMOX VALLEY,,42,42,2,,,,30,10,,,,,,,,,,14256781.00,339447.20,320000.00,200976.81,4218.00
2016-06-15,Vancouver Island/Coast,COMOX VALLEY,,66,62,4,,,,40,14,1,3,4,4,,,,,,20186238.00,305852.10,280000.00,288325.07,3600.00
2016-06-22,Vancouver Island/Coast,COMOX VALLEY,,188,181,9,,,1,140,27,,4,5,1,4,,1,,1,88060691.00,468407.90,313750.00,1651758.89,4090.00
2016-07-01,Vancouver Island/Coast,COMOX VALLEY,,50,49,4,,,,32,10,,3,,,,,,,1,17883700.00,357674.00,289000.00,255434.00,3730.00
2016-07-08,Vancouver Island/Coast,COMOX VALLEY,,50,50,2,,,,38,7,,3,,,,,,,,20534050.00,410681.00,394500.00,306896.00,5890.00
2016-07-15,Vancouver Island/Coast,COMOX VALLEY,,82,81,5,1,,,57,14,1,3,1,,1,,,,,29244449.00,356639.60,333250.00,383467.69,3950.00
2016-07-22,Vancouver Island/Coast,COMOX VALLEY,,132,130,4,,,,93,20,,13,1,1,,,,1,,48131067.00,364629.30,341000.00,632180.33,4365.00
2016-08-01,Vancouver Island/Coast,COMOX VALLEY,,69,68,4,,2,,50,9,1,2,,,,,1,,,25496062.00,369508.10,345000.00,355320.21,4800.00
2016-08-08,Vancouver Island/Coast,COMOX VALLEY,,45,44,2,,,,31,2,,9,1,1,,,,,,14914148.00,331425.50,278000.00,171730.94,3160.00
2016-08-15,Vancouver Island/Coast,COMOX VALLEY,,82,82,5,,3,,49,14,,11,,,,,,,,30174863.00,367986.10,335750.00,400512.59,3670.00
2016-08-22,Vancouver Island/Coast,COMOX VALLEY,,142,125,11,,,,89,18,1,6,16,4,9,3,,1,,56760356.00,399720.80,350054.50,851213.05,4520.00
2016-09-01,Vancouver Island/Coast,COMOX VALLEY,,50,49,1,,,,36,10,1,1,1,,,1,,,,18213220.00,364264.40,292500.00,257500.70,3736.50
2016-09-08,Vancouver Island/Coast,COMOX VALLEY,,41,39,3,,,,27,5,,4,1,,1,,1,,,17847700.00,435309.80,340000.00,272828.00,4400.00
2016-09-15,Vancouver Island/Coast,COMOX VALLEY,,53,52,3,1,,1,30,15,,2,1,1,,,,,,18238800.00,344128.30,320000.00,245065.50,4140.00
2016-09-22,Vancouver Island/Coast,COMOX VALLEY,,103,98,6,,,1,54,13,1,23,1,1,,,,1,3,39430231.00,382817.80,346000.00,585645.94,4900.00
2016-10-01,Vancouver Island/Coast,COMOX VALLEY,,44,41,,,,,29,8,,4,1,,,1,1,,1,14688090.00,333820.20,297750.00,200986.79,3335.00
2016-10-08,Vancouver Island/Coast,COMOX VALLEY,,36,30,3,,,,23,,,4,3,,1,2,1,,2,13206530.00,366848.10,395000.00,175725.80,5150.00
2016-10-15,Vancouver Island/Coast,COMOX VALLEY,,40,39,3,2,,,24,6,,4,,,,,1,,,14399057.00,359976.40,309500.00,191951.40,4050.00
2016-10-22,Vancouver Island/Coast,COMOX VALLEY,,93,89,7,1,,,31,7,1,42,3,2,,1,,,1,44429528.00,477736.90,375950.00,731352.28,5000.00
2016-06-01,Vancouver Island/Coast,COWICHAN VALLEY,,58,56,6,,1,,39,9,,1,,,,,1,,1,25172843.00,434014.50,399375.00,392961.93,5987.50
2016-06-08,Vancouver Island/Coast,COWICHAN VALLEY,,47,46,4,1,,,34,6,,1,,,,,1,,,15578952.00,331467.10,305000.00,209092.50,3700.00
2016-06-15,Vancouver Island/Coast,COWICHAN VALLEY,,72,69,9,2,1,,50,7,,,1,,1,,,,2,25423503.00,353104.20,340000.00,361352.21,4798.63
2016-06-22,Vancouver Island/Coast,COWICHAN VALLEY,,202,196,11,,2,,160,15,,8,2,1,,1,3,1,,77030674.00,381340.00,351500.00,1113057.88,4950.00
2016-07-01,Vancouver Island/Coast,COWICHAN VALLEY,,51,51,7,1,,,35,6,,2,,,,,,,,18104171.00,354983.70,330000.00,247957.41,3900.00
2016-07-08,Vancouver Island/Coast,COWICHAN VALLEY,,53,53,2,,1,,42,7,,1,,,,,,,,19765556.00,372935.00,352000.00,285012.50,5000.00
2016-07-15,Vancouver Island/Coast,COWICHAN VALLEY,,67,64,6,1,,,50,7,,,1,,,1,,1,1,26493670.00,395427.90,375000.00,381922.70,5250.00
2016-07-22,Vancouver Island/Coast,COWICHAN VALLEY,,153,150,9,,1,1,124,13,1,1,1,1,,,1,,1,58429059.00,381889.30,350000.00,859131.78,4898.00
2016-08-01,Vancouver Island/Coast,COWICHAN VALLEY,,49,47,2,,1,,37,6,,1,2,1,,1,,,,18307369.00,373619.80,365000.00,266407.73,5240.00
2016-08-08,Vancouver Island/Coast,COWICHAN VALLEY,,35,34,3,,,,18,6,1,6,,,,,1,,,12742921.00,364083.50,346899.20,173600.43,4500.00
2016-08-15,Vancouver Island/Coast,COWICHAN VALLEY,,61,60,8,1,1,,34,13,,3,1,1,,,,,,23928721.00,392274.10,345000.00,343638.51,4598.00
2016-08-22,Vancouver Island/Coast,COWICHAN VALLEY,,104,104,13,2,2,,72,11,,4,,,,,,,,37486951.00,360451.40,343450.00,540047.49,4771.49
2016-09-01,Vancouver Island/Coast,COWICHAN VALLEY,,42,38,3,,,1,31,2,,1,2,1,1,,1,1,,13437269.00,319935.00,291447.50,188431.41,3828.95
2016-09-08,Vancouver Island/Coast,COWICHAN VALLEY,,37,34,4,,1,,23,1,1,4,3,3,,,,,,18174902.00,491213.60,380000.00,288801.50,4900.00
2016-09-15,Vancouver Island/Coast,COWICHAN VALLEY,,39,38,9,,,,22,5,1,1,1,,1,,,,,12980428.00,332831.50,295542.60,179622.00,3400.00
2016-09-22,Vancouver Island/Coast,COWICHAN VALLEY,,125,117,6,,1,1,59,16,,34,7,4,1,2,1,,,46529288.00,372234.30,329900.00,675124.87,4300.00
2016-10-01,Vancouver Island/Coast,COWICHAN VALLEY,,38,37,4,1,1,1,19,7,1,3,1,1,,,,,,12906163.00,339635.90,292500.00,184868.26,3850.00
2016-10-08,Vancouver Island/Coast,COWICHAN VALLEY,,38,37,2,,,,27,4,,4,1,1,,,,,,12153731.00,319835.00,327500.00,160773.32,3959.00
2016-10-15,Vancouver Island/Coast,COWICHAN VALLEY,,26,25,3,1,,,16,4,,1,1,1,,,,,,8057715.00,309912.10,251000.00,107885.77,2990.00
2016-10-22,Vancouver Island/Coast,COWICHAN VALLEY,,70,69,3,1,,,24,6,,35,1,,,1,,,,26534150.00,379059.30,343000.00,397348.00,4710.00
2016-06-01,Vancouver Island/Coast,NANAIMO,,150,133,13,,,,85,22,2,11,12,1,11,,5,,,57055256.00,380368.40,339000.00,822870.96,4383.99
2016-06-08,Vancouver Island/Coast,NANAIMO,,110,105,7,,,1,68,19,,10,,,,,5,,,42567363.00,386976.00,366975.00,601782.05,4940.00
2016-06-15,Vancouver Island/Coast,NANAIMO,,137,130,9,,1,,80,34,1,5,1,,,1,2,,4,50025177.00,365147.30,330000.00,687699.59,4100.00
2016-06-22,Vancouver Island/Coast,NANAIMO,,521,505,22,5,,2,311,67,77,21,12,5,5,2,2,,2,194906177.00,374100.10,341000.00,2858072.13,4600.00
2016-07-01,Vancouver Island/Coast,NANAIMO,,85,82,6,,,,55,15,,6,2,,1,1,1,,,38983537.00,458629.80,375000.00,600421.77,5300.00
2016-07-08,Vancouver Island/Coast,NANAIMO,,137,133,7,1,,1,91,24,1,8,,,,,4,,,55651864.00,406218.00,365000.00,851714.16,4960.00
2016-07-15,Vancouver Island/Coast,NANAIMO,,146,136,9,,1,,89,20,3,14,,,,,10,,,53453683.00,366121.10,325000.00,771362.52,4000.00
2016-07-22,Vancouver Island/Coast,NANAIMO,,315,306,17,2,,1,204,57,4,21,7,6,,1,2,,,123905230.00,393349.90,355840.10,1804793.86,4980.00
2016-08-01,Vancouver Island/Coast,NANAIMO,,133,125,15,1,1,1,81,23,1,2,6,4,2,,1,,1,63873908.00,480254.90,357000.00,1013064.05,4400.00
2016-08-08,Vancouver Island/Coast,NANAIMO,,96,93,3,1,,,69,12,2,6,,,,,1,1,1,39206605.00,408402.10,383250.00,580923.24,5374.00
2016-08-15,Vancouver Island/Coast,NANAIMO,,183,182,12,1,1,1,125,31,,11,,,,,1,,,71354393.00,389914.70,348750.00,1015734.48,4400.00
2016-08-22,Vancouver Island/Coast,NANAIMO,,346,340,12,1,,,231,63,2,31,4,3,,1,1,,1,164344034.00,474982.80,371750.00,2715912.57,5300.00
2016-09-01,Vancouver Island/Coast,NANAIMO,,135,130,8,1,1,3,79,20,4,14,3,1,1,1,1,,1,52172293.00,386461.40,322000.00,751775.08,3980.00
2016-09-08,Vancouver Island/Coast,NANAIMO,,88,86,6,1,1,2,49,16,3,8,2,,,2,,,,31468662.00,357598.40,337500.00,435045.60,4539.00
2016-09-15,Vancouver Island/Coast,NANAIMO,,128,124,6,,,,75,22,1,20,3,3,,,,,1,46114691.00,360271.00,310000.00,623039.11,3955.00
2016-09-22,Vancouver Island/Coast,NANAIMO,,284,267,8,1,,,142,40,3,73,14,5,9,,3,,,113074451.00,398149.50,341000.00,1738487.59,4650.00
2016-10-01,Vancouver Island/Coast,NANAIMO,,118,116,8,,,1,67,11,,29,2,1,,1,,,,45193425.00,382995.10,350000.00,644923.77,4790.00
2016-10-08,Vancouver Island/Coast,NANAIMO,,93,93,8,,,,57,18,,10,,,,,,,,34770952.00,373881.20,361000.00,484650.25,5098.00
2016-10-15,Vancouver Island/Coast,NANAIMO,,99,97,11,1,,,48,19,2,16,2,,1,1,,,,37188690.00,375643.30,270000.00,522541.77,3060.00
2016-10-22,Vancouver Island/Coast,NANAIMO,,241,233,6,,,,77,21,1,128,4,,,4,4,,,102431884.00,425028.60,385759.20,1446358.30,5160.00
2016-06-01,Vancouver Island/Coast,POWELL RIVER-MOUNT WADDINGTON,,15,14,1,,,,11,1,,1,1,1,,,,,,3041200.00,202746.70,192000.00,38005.45,1920.00
2016-06-08,Vancouver Island/Coast,POWELL RIVER-MOUNT WADDINGTON,,14,12,,,,,12,,,,1,,,1,,,1,4953500.00,353821.40,220000.00,76320.00,2425.00
2016-06-15,Vancouver Island/Coast,POWELL RIVER-MOUNT WADDINGTON,,29,27,3,,,,20,4,,,2,1,,1,,,,8687750.00,299577.60,235000.00,121487.50,2580.00
2016-06-22,Vancouver Island/Coast,POWELL RIVER-MOUNT WADDINGTON,,56,54,7,,,,40,5,,2,,,,,1,,1,13807600.00,246564.30,241500.00,184284.00,2830.00
2016-07-01,Vancouver Island/Coast,POWELL RIVER-MOUNT WADDINGTON,,19,19,4,,,,13,1,,1,,,,,,,,5110109.00,268953.10,189900.00,71163.18,1899.00
2016-07-08,Vancouver Island/Coast,POWELL RIVER-MOUNT WADDINGTON,,25,21,3,,,,15,1,,2,4,1,,3,,,,4779549.00,191182.00,135000.00,60894.49,1350.00
2016-07-15,Vancouver Island/Coast,POWELL RIVER-MOUNT WADDINGTON,,19,19,1,,,1,17,,,,,,,,,,,4466800.00,235094.70,220000.00,60836.00,2400.00
2016-07-22,Vancouver Island/Coast,POWELL RIVER-MOUNT WADDINGTON,,57,55,4,,,2,45,3,,1,,,,,2,,,13124300.00,230250.90,207500.00,167186.00,2150.00
2016-08-01,Vancouver Island/Coast,POWELL RIVER-MOUNT WADDINGTON,,25,22,3,,,1,18,,,,2,2,,,,,1,7052474.00,282099.00,197500.00,96067.48,1960.00
2016-08-08,Vancouver Island/Coast,POWELL RIVER-MOUNT WADDINGTON,,16,16,,,,,13,1,,2,,,,,,,,3077700.00,192356.20,203500.00,37971.00,2095.00
2016-08-15,Vancouver Island/Coast,POWELL RIVER-MOUNT WADDINGTON,,29,29,,,,,24,2,,3,,,,,,,,7597492.00,261982.50,269900.00,96679.92,3000.00
2016-08-22,Vancouver Island/Coast,POWELL RIVER-MOUNT WADDINGTON,,43,43,5,,1,,34,1,,2,,,,,,,,12589692.00,292783.50,262000.00,168042.25,3100.00
2016-09-01,Vancouver Island/Coast,POWELL RIVER-MOUNT WADDINGTON,,15,13,,,,,12,1,,,2,,,2,,,,4094650.00,272976.70,235000.00,54382.25,2700.00
2016-09-08,Vancouver Island/Coast,POWELL RIVER-MOUNT WADDINGTON,,12,12,3,,,1,8,,,,,,,,,,,2871900.00,239325.00,220000.00,35898.00,2400.00
2016-09-15,Vancouver Island/Coast,POWELL RIVER-MOUNT WADDINGTON,,16,16,1,,,,13,2,,,,,,,,,,3533400.00,220837.50,215000.00,36130.00,1842.50
2016-09-22,Vancouver Island/Coast,POWELL RIVER-MOUNT WADDINGTON,,46,45,2,,,,28,5,,10,1,1,,,,,,11644150.00,253133.70,239500.00,149151.00,2680.00
2016-10-01,Vancouver Island/Coast,POWELL RIVER-MOUNT WADDINGTON,,13,12,,,,,6,4,,2,,,,,,1,,2989450.00,229957.70,150000.00,41333.50,1500.00
2016-10-08,Vancouver Island/Coast,POWELL RIVER-MOUNT WADDINGTON,,16,16,1,1,,,9,2,,3,,,,,,,,3992900.00,249556.20,230000.00,51518.00,2600.00
2016-10-15,Vancouver Island/Coast,POWELL RIVER-MOUNT WADDINGTON,,19,18,,,,,16,,,2,1,1,,,,,,5213788.00,274409.90,265000.00,72450.76,3300.00
2016-10-22,Vancouver Island/Coast,POWELL RIVER-MOUNT WADDINGTON,,23,22,1,,1,,7,1,,12,1,,,1,,,,6908825.00,300383.70,256000.00,94332.25,3120.00
2016-06-01,Vancouver Island/Coast,STRATHCONA,,24,21,1,,,,17,3,,,1,,,1,2,,,7811350.00,325472.90,289500.00,110701.00,3790.00
2016-06-08,Vancouver Island/Coast,STRATHCONA,,16,15,1,,,1,12,1,,,1,1,,,,,,5367500.00,335468.80,252500.00,79015.00,3050.00
2016-06-15,Vancouver Island/Coast,STRATHCONA,,25,23,,,,,19,4,,,2,1,,1,,,,9292375.00,371695.00,337000.00,119724.00,3160.00
2016-06-22,Vancouver Island/Coast,STRATHCONA,,98,98,,,,,81,15,,2,,,,,,,,27060000.00,276122.40,272150.00,348045.50,3125.00
2016-07-01,Vancouver Island/Coast,STRATHCONA,,15,14,,,,,12,2,,,1,1,,,,,,10227100.00,681806.70,307000.00,215833.00,4140.00
2016-07-08,Vancouver Island/Coast,STRATHCONA,,26,26,1,,,,21,3,,1,,,,,,,,6950300.00,267319.20,252000.00,84851.99,2650.00
2016-07-15,Vancouver Island/Coast,STRATHCONA,,29,29,,,,,22,7,,,,,,,,,,8078550.00,278570.70,265000.00,103839.75,3280.00
2016-07-22,Vancouver Island/Coast,STRATHCONA,,70,69,,,,,58,7,,4,1,1,,,,,,22125800.00,316082.90,315000.00,276436.00,4100.00
2016-08-01,Vancouver Island/Coast,STRATHCONA,,40,39,1,,,,27,9,,2,1,1,,,,,,12093995.00,302349.90,268200.00,157544.90,2625.00
2016-08-08,Vancouver Island/Coast,STRATHCONA,,27,27,,,,,22,4,,1,,,,,,,,7609600.00,281837.00,315000.00,100273.00,3518.00
2016-08-15,Vancouver Island/Coast,STRATHCONA,,34,33,2,,,1,26,4,,,1,,,1,,,,11546000.00,339588.20,325750.00,153869.00,4010.00
2016-08-22,Vancouver Island/Coast,STRATHCONA,,64,62,4,1,,1,46,10,,,2,2,,,,,,20754460.00,324288.40,311000.00,275590.33,3830.00
2016-09-01,Vancouver Island/Coast,STRATHCONA,,22,22,3,,,,18,1,,,,,,,,,,6583050.00,299229.50,317000.00,75095.00,3300.00
2016-09-08,Vancouver Island/Coast,STRATHCONA,,21,21,,,,,18,2,,1,,,,,,,,5408778.00,257560.80,267500.00,60299.55,3118.00
2016-09-15,Vancouver Island/Coast,STRATHCONA,,32,32,2,1,,,22,5,,2,,,,,,,,8836350.00,276135.90,286000.00,104270.00,3055.00
2016-09-22,Vancouver Island/Coast,STRATHCONA,,84,81,2,2,,,43,13,,21,2,2,,,1,,,24554343.00,292313.60,265000.00,331741.36,3250.00
2016-10-01,Vancouver Island/Coast,STRATHCONA,,35,34,,,,,30,3,,1,,,,,1,,,8956767.00,255907.60,268900.00,117851.34,3378.00
2016-10-08,Vancouver Island/Coast,STRATHCONA,,20,18,1,,,,13,2,,2,1,1,,,1,,,6062659.00,303133.00,304700.00,75399.59,3700.00
2016-10-15,Vancouver Island/Coast,STRATHCONA,,28,27,1,,,,23,3,,,,,,,1,,,9194350.00,328369.60,276000.00,123570.50,3300.00
2016-10-22,Vancouver Island/Coast,STRATHCONA,,61,60,1,1,,,26,4,,28,,,,,1,,,17679000.00,289819.70,286000.00,220558.00,3396.00
